season,date,matchday,home_team,away_team,home_goals,away_goals,finished
2016/17,2016-08-26,1,Bayern Munich,Werder Bremen,6,0,True
2016/17,2016-08-27,1,Augsburg,Wolfsburg,0,2,True
2016/17,2016-08-27,1,Dortmund,Mainz,2,1,True
2016/17,2016-08-27,1,Ein Frankfurt,Schalke 04,1,0,True
2016/17,2016-08-27,1,FC Koln,Darmstadt,2,0,True
2016/17,2016-08-27,1,Hamburg,Ingolstadt,1,1,True
2016/17,2016-08-27,1,M'gladbach,Leverkusen,2,1,True
2016/17,2016-08-28,1,Hertha,Freiburg,2,1,True
2016/17,2016-08-28,1,Hoffenheim,RB Leipzig,2,2,True
2016/17,2016-09-09,2,Schalke 04,Bayern Munich,0,2,True
2016/17,2016-09-10,2,Darmstadt,Ein Frankfurt,1,0,True
2016/17,2016-09-10,2,Freiburg,M'gladbach,3,1,True
2016/17,2016-09-10,2,Ingolstadt,Hertha,0,2,True
2016/17,2016-09-10,2,Leverkusen,Hamburg,3,1,True
2016/17,2016-09-10,2,RB Leipzig,Dortmund,1,0,True
2016/17,2016-09-10,2,Wolfsburg,FC Koln,0,0,True
2016/17,2016-09-11,2,Mainz,Hoffenheim,4,4,True
2016/17,2016-09-11,2,Werder Bremen,Augsburg,1,2,True
2016/17,2016-09-16,3,FC Koln,Freiburg,3,0,True
2016/17,2016-09-17,3,Bayern Munich,Ingolstadt,3,1,True
2016/17,2016-09-17,3,Dortmund,Darmstadt,6,0,True
2016/17,2016-09-17,3,Ein Frankfurt,Leverkusen,2,1,True
2016/17,2016-09-17,3,Hamburg,RB Leipzig,0,4,True
2016/17,2016-09-17,3,Hoffenheim,Wolfsburg,0,0,True
2016/17,2016-09-17,3,M'gladbach,Werder Bremen,4,1,True
2016/17,2016-09-18,3,Augsburg,Mainz,1,3,True
2016/17,2016-09-18,3,Hertha,Schalke 04,2,0,True
2016/17,2016-09-20,4,Darmstadt,Hoffenheim,1,1,True
2016/17,2016-09-20,4,Freiburg,Hamburg,1,0,True
2016/17,2016-09-20,4,Ingolstadt,Ein Frankfurt,0,2,True
2016/17,2016-09-20,4,Wolfsburg,Dortmund,1,5,True
2016/17,2016-09-21,4,Bayern Munich,Hertha,3,0,True
2016/17,2016-09-21,4,Leverkusen,Augsburg,0,0,True
2016/17,2016-09-21,4,RB Leipzig,M'gladbach,1,1,True
2016/17,2016-09-21,4,Schalke 04,FC Koln,1,3,True
2016/17,2016-09-21,4,Werder Bremen,Mainz,1,2,True
2016/17,2016-09-23,5,Dortmund,Freiburg,3,1,True
2016/17,2016-09-24,5,Augsburg,Darmstadt,1,0,True
2016/17,2016-09-24,5,Ein Frankfurt,Hertha,3,3,True
2016/17,2016-09-24,5,Hamburg,Bayern Munich,0,1,True
2016/17,2016-09-24,5,M'gladbach,Ingolstadt,2,0,True
2016/17,2016-09-24,5,Mainz,Leverkusen,2,3,True
2016/17,2016-09-24,5,Werder Bremen,Wolfsburg,2,1,True
2016/17,2016-09-25,5,FC Koln,RB Leipzig,1,1,True
2016/17,2016-09-25,5,Hoffenheim,Schalke 04,2,1,True
2016/17,2016-09-30,6,RB Leipzig,Augsburg,2,1,True
2016/17,2016-10-01,6,Bayern Munich,FC Koln,1,1,True
2016/17,2016-10-01,6,Darmstadt,Werder Bremen,2,2,True
2016/17,2016-10-01,6,Freiburg,Ein Frankfurt,1,0,True
2016/17,2016-10-01,6,Hertha,Hamburg,2,0,True
2016/17,2016-10-01,6,Ingolstadt,Hoffenheim,1,2,True
2016/17,2016-10-01,6,Leverkusen,Dortmund,2,0,True
2016/17,2016-10-02,6,Schalke 04,M'gladbach,4,0,True
2016/17,2016-10-02,6,Wolfsburg,Mainz,0,0,True
2016/17,2016-10-14,7,Dortmund,Hertha,1,1,True
2016/17,2016-10-15,7,Augsburg,Schalke 04,1,1,True
2016/17,2016-10-15,7,Ein Frankfurt,Bayern Munich,2,2,True
2016/17,2016-10-15,7,FC Koln,Ingolstadt,2,1,True
2016/17,2016-10-15,7,Hoffenheim,Freiburg,2,1,True
2016/17,2016-10-15,7,M'gladbach,Hamburg,0,0,True
2016/17,2016-10-15,7,Werder Bremen,Leverkusen,2,1,True
2016/17,2016-10-16,7,Mainz,Darmstadt,2,1,True
2016/17,2016-10-16,7,Wolfsburg,RB Leipzig,0,1,True
2016/17,2016-10-21,8,Hamburg,Ein Frankfurt,0,3,True
2016/17,2016-10-22,8,Bayern Munich,M'gladbach,2,0,True
2016/17,2016-10-22,8,Darmstadt,Wolfsburg,3,1,True
2016/17,2016-10-22,8,Freiburg,Augsburg,2,1,True
2016/17,2016-10-22,8,Hertha,FC Koln,2,1,True
2016/17,2016-10-22,8,Ingolstadt,Dortmund,3,3,True
2016/17,2016-10-22,8,Leverkusen,Hoffenheim,0,3,True
2016/17,2016-10-23,8,RB Leipzig,Werder Bremen,3,1,True
2016/17,2016-10-23,8,Schalke 04,Mainz,3,0,True
2016/17,2016-10-28,9,M'gladbach,Ein Frankfurt,0,0,True
2016/17,2016-10-29,9,Augsburg,Bayern Munich,1,3,True
2016/17,2016-10-29,9,Darmstadt,RB Leipzig,0,2,True
2016/17,2016-10-29,9,Dortmund,Schalke 04,0,0,True
2016/17,2016-10-29,9,Mainz,Ingolstadt,2,0,True
2016/17,2016-10-29,9,Werder Bremen,Freiburg,1,3,True
2016/17,2016-10-29,9,Wolfsburg,Leverkusen,1,2,True
2016/17,2016-10-30,9,FC Koln,Hamburg,3,0,True
2016/17,2016-10-30,9,Hoffenheim,Hertha,1,0,True
2016/17,2016-11-04,10,Hertha,M'gladbach,3,0,True
2016/17,2016-11-05,10,Bayern Munich,Hoffenheim,1,1,True
2016/17,2016-11-05,10,Ein Frankfurt,FC Koln,1,0,True
2016/17,2016-11-05,10,Freiburg,Wolfsburg,0,3,True
2016/17,2016-11-05,10,Hamburg,Dortmund,2,5,True
2016/17,2016-11-05,10,Ingolstadt,Augsburg,0,2,True
2016/17,2016-11-05,10,Leverkusen,Darmstadt,3,2,True
2016/17,2016-11-06,10,RB Leipzig,Mainz,3,1,True
2016/17,2016-11-06,10,Schalke 04,Werder Bremen,3,1,True
2016/17,2016-11-18,11,Leverkusen,RB Leipzig,2,3,True
2016/17,2016-11-19,11,Augsburg,Hertha,0,0,True
2016/17,2016-11-19,11,Darmstadt,Ingolstadt,0,1,True
2016/17,2016-11-19,11,Dortmund,Bayern Munich,1,0,True
2016/17,2016-11-19,11,M'gladbach,FC Koln,1,2,True
2016/17,2016-11-19,11,Mainz,Freiburg,4,2,True
2016/17,2016-11-19,11,Wolfsburg,Schalke 04,0,1,True
2016/17,2016-11-20,11,Hoffenheim,Hamburg,2,2,True
2016/17,2016-11-20,11,Werder Bremen,Ein Frankfurt,1,2,True
2016/17,2016-11-25,12,Freiburg,RB Leipzig,1,4,True
2016/17,2016-11-26,12,Bayern Munich,Leverkusen,2,1,True
2016/17,2016-11-26,12,Ein Frankfurt,Dortmund,2,1,True
2016/17,2016-11-26,12,FC Koln,Augsburg,0,0,True
2016/17,2016-11-26,12,Hamburg,Werder Bremen,2,2,True
2016/17,2016-11-26,12,Ingolstadt,Wolfsburg,1,1,True
2016/17,2016-11-26,12,M'gladbach,Hoffenheim,1,1,True
2016/17,2016-11-27,12,Hertha,Mainz,2,1,True
2016/17,2016-11-27,12,Schalke 04,Darmstadt,3,1,True
2016/17,2016-12-02,13,Mainz,Bayern Munich,1,3,True
2016/17,2016-12-03,13,Dortmund,M'gladbach,4,1,True
2016/17,2016-12-03,13,Hoffenheim,FC Koln,4,0,True
2016/17,2016-12-03,13,Leverkusen,Freiburg,1,1,True
2016/17,2016-12-03,13,RB Leipzig,Schalke 04,2,1,True
2016/17,2016-12-03,13,Werder Bremen,Ingolstadt,2,1,True
2016/17,2016-12-03,13,Wolfsburg,Hertha,2,3,True
2016/17,2016-12-04,13,Augsburg,Ein Frankfurt,1,1,True
2016/17,2016-12-04,13,Darmstadt,Hamburg,0,2,True
2016/17,2016-12-09,14,Ein Frankfurt,Hoffenheim,0,0,True
2016/17,2016-12-10,14,Bayern Munich,Wolfsburg,5,0,True
2016/17,2016-12-10,14,FC Koln,Dortmund,1,1,True
2016/17,2016-12-10,14,Freiburg,Darmstadt,1,0,True
2016/17,2016-12-10,14,Hamburg,Augsburg,1,0,True
2016/17,2016-12-10,14,Hertha,Werder Bremen,0,1,True
2016/17,2016-12-10,14,Ingolstadt,RB Leipzig,1,0,True
2016/17,2016-12-11,14,M'gladbach,Mainz,1,0,True
2016/17,2016-12-11,14,Schalke 04,Leverkusen,0,1,True
2016/17,2016-12-16,15,Hoffenheim,Dortmund,2,2,True
2016/17,2016-12-17,15,Augsburg,M'gladbach,1,0,True
2016/17,2016-12-17,15,Mainz,Hamburg,3,1,True
2016/17,2016-12-17,15,RB Leipzig,Hertha,2,0,True
2016/17,2016-12-17,15,Schalke 04,Freiburg,1,1,True
2016/17,2016-12-17,15,Werder Bremen,FC Koln,1,1,True
2016/17,2016-12-17,15,Wolfsburg,Ein Frankfurt,1,0,True
2016/17,2016-12-18,15,Darmstadt,Bayern Munich,0,1,True
2016/17,2016-12-18,15,Leverkusen,Ingolstadt,1,2,True
2016/17,2016-12-20,16,Dortmund,Augsburg,1,1,True
2016/17,2016-12-20,16,Ein Frankfurt,Mainz,3,0,True
2016/17,2016-12-20,16,Hamburg,Schalke 04,2,1,True
2016/17,2016-12-20,16,M'gladbach,Wolfsburg,1,2,True
2016/17,2016-12-21,16,Bayern Munich,RB Leipzig,3,0,True
2016/17,2016-12-21,16,FC Koln,Leverkusen,1,1,True
2016/17,2016-12-21,16,Hertha,Darmstadt,2,0,True
2016/17,2016-12-21,16,Hoffenheim,Werder Bremen,1,1,True
2016/17,2016-12-21,16,Ingolstadt,Freiburg,1,2,True
2016/17,2017-01-20,17,Freiburg,Bayern Munich,1,2,True
2016/17,2017-01-21,17,Augsburg,Hoffenheim,0,2,True
2016/17,2017-01-21,17,Darmstadt,M'gladbach,0,0,True
2016/17,2017-01-21,17,RB Leipzig,Ein Frankfurt,3,0,True
2016/17,2017-01-21,17,Schalke 04,Ingolstadt,1,0,True
2016/17,2017-01-21,17,Werder Bremen,Dortmund,1,2,True
2016/17,2017-01-21,17,Wolfsburg,Hamburg,1,0,True
2016/17,2017-01-22,17,Leverkusen,Hertha,3,1,True
2016/17,2017-01-22,17,Mainz,FC Koln,0,0,True
2016/17,2017-01-27,18,Schalke 04,Ein Frankfurt,0,1,True
2016/17,2017-01-28,18,Darmstadt,FC Koln,1,6,True
2016/17,2017-01-28,18,Ingolstadt,Hamburg,3,1,True
2016/17,2017-01-28,18,Leverkusen,M'gladbach,2,3,True
2016/17,2017-01-28,18,RB Leipzig,Hoffenheim,2,1,True
2016/17,2017-01-28,18,Werder Bremen,Bayern Munich,1,2,True
2016/17,2017-01-28,18,Wolfsburg,Augsburg,1,2,True
2016/17,2017-01-29,18,Freiburg,Hertha,2,1,True
2016/17,2017-01-29,18,Mainz,Dortmund,1,1,True
2016/17,2017-02-03,19,Hamburg,Leverkusen,1,0,True
2016/17,2017-02-04,19,Bayern Munich,Schalke 04,1,1,True
2016/17,2017-02-04,19,Dortmund,RB Leipzig,1,0,True
2016/17,2017-02-04,19,FC Koln,Wolfsburg,1,0,True
2016/17,2017-02-04,19,Hertha,Ingolstadt,1,0,True
2016/17,2017-02-04,19,Hoffenheim,Mainz,4,0,True
2016/17,2017-02-04,19,M'gladbach,Freiburg,3,0,True
2016/17,2017-02-05,19,Augsburg,Werder Bremen,3,2,True
2016/17,2017-02-05,19,Ein Frankfurt,Darmstadt,2,0,True
2016/17,2017-02-10,20,Mainz,Augsburg,2,0,True
2016/17,2017-02-11,20,Darmstadt,Dortmund,2,1,True
2016/17,2017-02-11,20,Ingolstadt,Bayern Munich,0,2,True
2016/17,2017-02-11,20,Leverkusen,Ein Frankfurt,3,0,True
2016/17,2017-02-11,20,RB Leipzig,Hamburg,0,3,True
2016/17,2017-02-11,20,Schalke 04,Hertha,2,0,True
2016/17,2017-02-11,20,Werder Bremen,M'gladbach,0,1,True
2016/17,2017-02-12,20,Freiburg,FC Koln,2,1,True
2016/17,2017-02-12,20,Wolfsburg,Hoffenheim,2,1,True
2016/17,2017-02-17,21,Augsburg,Leverkusen,1,3,True
2016/17,2017-02-18,21,Dortmund,Wolfsburg,3,0,True
2016/17,2017-02-18,21,Ein Frankfurt,Ingolstadt,0,2,True
2016/17,2017-02-18,21,Hamburg,Freiburg,2,2,True
2016/17,2017-02-18,21,Hertha,Bayern Munich,1,1,True
2016/17,2017-02-18,21,Hoffenheim,Darmstadt,2,0,True
2016/17,2017-02-18,21,Mainz,Werder Bremen,0,2,True
2016/17,2017-02-19,21,FC Koln,Schalke 04,1,1,True
2016/17,2017-02-19,21,M'gladbach,RB Leipzig,1,2,True
2016/17,2017-02-24,22,Wolfsburg,Werder Bremen,1,2,True
2016/17,2017-02-25,22,Bayern Munich,Hamburg,8,0,True
2016/17,2017-02-25,22,Darmstadt,Augsburg,1,2,True
2016/17,2017-02-25,22,Freiburg,Dortmund,0,3,True
2016/17,2017-02-25,22,Hertha,Ein Frankfurt,2,0,True
2016/17,2017-02-25,22,Leverkusen,Mainz,0,2,True
2016/17,2017-02-25,22,RB Leipzig,FC Koln,3,1,True
2016/17,2017-02-26,22,Ingolstadt,M'gladbach,0,2,True
2016/17,2017-02-26,22,Schalke 04,Hoffenheim,1,1,True
2016/17,2017-03-03,23,Augsburg,RB Leipzig,2,2,True
2016/17,2017-03-04,23,Dortmund,Leverkusen,6,2,True
2016/17,2017-03-04,23,FC Koln,Bayern Munich,0,3,True
2016/17,2017-03-04,23,Hoffenheim,Ingolstadt,5,2,True
2016/17,2017-03-04,23,M'gladbach,Schalke 04,4,2,True
2016/17,2017-03-04,23,Mainz,Wolfsburg,1,1,True
2016/17,2017-03-04,23,Werder Bremen,Darmstadt,2,0,True
2016/17,2017-03-05,23,Ein Frankfurt,Freiburg,1,2,True
2016/17,2017-03-05,23,Hamburg,Hertha,1,0,True
2016/17,2017-03-10,24,Leverkusen,Werder Bremen,1,1,True
2016/17,2017-03-11,24,Bayern Munich,Ein Frankfurt,3,0,True
2016/17,2017-03-11,24,Darmstadt,Mainz,2,1,True
2016/17,2017-03-11,24,Freiburg,Hoffenheim,1,1,True
2016/17,2017-03-11,24,Hertha,Dortmund,2,1,True
2016/17,2017-03-11,24,Ingolstadt,FC Koln,2,2,True
2016/17,2017-03-11,24,RB Leipzig,Wolfsburg,0,1,True
2016/17,2017-03-12,24,Hamburg,M'gladbach,2,1,True
2016/17,2017-03-12,24,Schalke 04,Augsburg,3,0,True
2016/17,2017-03-17,25,Dortmund,Ingolstadt,1,0,True
2016/17,2017-03-18,25,Augsburg,Freiburg,1,1,True
2016/17,2017-03-18,25,Ein Frankfurt,Hamburg,0,0,True
2016/17,2017-03-18,25,FC Koln,Hertha,4,2,True
2016/17,2017-03-18,25,Hoffenheim,Leverkusen,1,0,True
2016/17,2017-03-18,25,Werder Bremen,RB Leipzig,3,0,True
2016/17,2017-03-18,25,Wolfsburg,Darmstadt,1,0,True
2016/17,2017-03-19,25,M'gladbach,Bayern Munich,0,1,True
2016/17,2017-03-19,25,Mainz,Schalke 04,0,1,True
2016/17,2017-03-31,26,Hertha,Hoffenheim,1,3,True
2016/17,2017-04-01,26,Bayern Munich,Augsburg,6,0,True
2016/17,2017-04-01,26,Ein Frankfurt,M'gladbach,0,0,True
2016/17,2017-04-01,26,Freiburg,Werder Bremen,2,5,True
2016/17,2017-04-01,26,Hamburg,FC Koln,2,1,True
2016/17,2017-04-01,26,RB Leipzig,Darmstadt,4,0,True
2016/17,2017-04-01,26,Schalke 04,Dortmund,1,1,True
2016/17,2017-04-02,26,Ingolstadt,Mainz,2,1,True
2016/17,2017-04-02,26,Leverkusen,Wolfsburg,3,3,True
2016/17,2017-04-04,27,Dortmund,Hamburg,3,0,True
2016/17,2017-04-04,27,FC Koln,Ein Frankfurt,1,0,True
2016/17,2017-04-04,27,Hoffenheim,Bayern Munich,1,0,True
2016/17,2017-04-04,27,Werder Bremen,Schalke 04,3,0,True
2016/17,2017-04-05,27,Augsburg,Ingolstadt,2,3,True
2016/17,2017-04-05,27,Darmstadt,Leverkusen,0,2,True
2016/17,2017-04-05,27,M'gladbach,Hertha,1,0,True
2016/17,2017-04-05,27,Mainz,RB Leipzig,2,3,True
2016/17,2017-04-05,27,Wolfsburg,Freiburg,0,1,True
2016/17,2017-04-07,28,Ein Frankfurt,Werder Bremen,2,2,True
2016/17,2017-04-08,28,Bayern Munich,Dortmund,4,1,True
2016/17,2017-04-08,28,FC Koln,M'gladbach,2,3,True
2016/17,2017-04-08,28,Freiburg,Mainz,1,0,True
2016/17,2017-04-08,28,Hamburg,Hoffenheim,2,1,True
2016/17,2017-04-08,28,RB Leipzig,Leverkusen,1,0,True
2016/17,2017-04-08,28,Schalke 04,Wolfsburg,4,1,True
2016/17,2017-04-09,28,Hertha,Augsburg,2,0,True
2016/17,2017-04-09,28,Ingolstadt,Darmstadt,3,2,True
2016/17,2017-04-15,29,Augsburg,FC Koln,2,1,True
2016/17,2017-04-15,29,Dortmund,Ein Frankfurt,3,1,True
2016/17,2017-04-15,29,Hoffenheim,M'gladbach,5,3,True
2016/17,2017-04-15,29,Leverkusen,Bayern Munich,0,0,True
2016/17,2017-04-15,29,Mainz,Hertha,1,0,True
2016/17,2017-04-15,29,RB Leipzig,Freiburg,4,0,True
2016/17,2017-04-15,29,Wolfsburg,Ingolstadt,3,0,True
2016/17,2017-04-16,29,Darmstadt,Schalke 04,2,1,True
2016/17,2017-04-16,29,Werder Bremen,Hamburg,2,1,True
2016/17,2017-04-21,30,FC Koln,Hoffenheim,1,1,True
2016/17,2017-04-22,30,Bayern Munich,Mainz,2,2,True
2016/17,2017-04-22,30,Ein Frankfurt,Augsburg,3,1,True
2016/17,2017-04-22,30,Hamburg,Darmstadt,1,2,True
2016/17,2017-04-22,30,Hertha,Wolfsburg,1,0,True
2016/17,2017-04-22,30,Ingolstadt,Werder Bremen,2,4,True
2016/17,2017-04-22,30,M'gladbach,Dortmund,2,3,True
2016/17,2017-04-23,30,Freiburg,Leverkusen,2,1,True
2016/17,2017-04-23,30,Schalke 04,RB Leipzig,1,1,True
2016/17,2017-04-28,31,Leverkusen,Schalke 04,1,4,True
2016/17,2017-04-29,31,Darmstadt,Freiburg,3,0,True
2016/17,2017-04-29,31,Dortmund,FC Koln,0,0,True
2016/17,2017-04-29,31,Mainz,M'gladbach,1,2,True
2016/17,2017-04-29,31,RB Leipzig,Ingolstadt,0,0,True
2016/17,2017-04-29,31,Werder Bremen,Hertha,2,0,True
2016/17,2017-04-29,31,Wolfsburg,Bayern Munich,0,6,True
2016/17,2017-04-30,31,Augsburg,Hamburg,4,0,True
2016/17,2017-04-30,31,Hoffenheim,Ein Frankfurt,1,0,True
2016/17,2017-05-05,32,FC Koln,Werder Bremen,4,3,True
2016/17,2017-05-06,32,Bayern Munich,Darmstadt,1,0,True
2016/17,2017-05-06,32,Dortmund,Hoffenheim,2,1,True
2016/17,2017-05-06,32,Ein Frankfurt,Wolfsburg,0,2,True
2016/17,2017-05-06,32,Hertha,RB Leipzig,1,4,True
2016/17,2017-05-06,32,Ingolstadt,Leverkusen,1,1,True
2016/17,2017-05-06,32,M'gladbach,Augsburg,1,1,True
2016/17,2017-05-07,32,Freiburg,Schalke 04,2,0,True
2016/17,2017-05-07,32,Hamburg,Mainz,0,0,True
2016/17,2017-05-13,33,Augsburg,Dortmund,1,1,True
2016/17,2017-05-13,33,Darmstadt,Hertha,0,2,True
2016/17,2017-05-13,33,Freiburg,Ingolstadt,1,1,True
2016/17,2017-05-13,33,Leverkusen,FC Koln,2,2,True
2016/17,2017-05-13,33,Mainz,Ein Frankfurt,4,2,True
2016/17,2017-05-13,33,RB Leipzig,Bayern Munich,4,5,True
2016/17,2017-05-13,33,Schalke 04,Hamburg,1,1,True
2016/17,2017-05-13,33,Werder Bremen,Hoffenheim,3,5,True
2016/17,2017-05-13,33,Wolfsburg,M'gladbach,1,1,True
2016/17,2017-05-20,34,Bayern Munich,Freiburg,4,1,True
2016/17,2017-05-20,34,Dortmund,Werder Bremen,4,3,True
2016/17,2017-05-20,34,Ein Frankfurt,RB Leipzig,2,2,True
2016/17,2017-05-20,34,FC Koln,Mainz,2,0,True
2016/17,2017-05-20,34,Hamburg,Wolfsburg,2,1,True
2016/17,2017-05-20,34,Hertha,Leverkusen,2,6,True
2016/17,2017-05-20,34,Hoffenheim,Augsburg,0,0,True
2016/17,2017-05-20,34,Ingolstadt,Schalke 04,1,1,True
2016/17,2017-05-20,34,M'gladbach,Darmstadt,2,2,True
2017/18,2017-08-18,1,Bayern Munich,Leverkusen,3,1,True
2017/18,2017-08-19,1,Hamburg,Augsburg,1,0,True
2017/18,2017-08-19,1,Hertha,Stuttgart,2,0,True
2017/18,2017-08-19,1,Hoffenheim,Werder Bremen,1,0,True
2017/18,2017-08-19,1,Mainz,Hannover,0,1,True
2017/18,2017-08-19,1,Schalke 04,RB Leipzig,2,0,True
2017/18,2017-08-19,1,Wolfsburg,Dortmund,0,3,True
2017/18,2017-08-20,1,Freiburg,Ein Frankfurt,0,0,True
2017/18,2017-08-20,1,M'gladbach,FC Koln,1,0,True
2017/18,2017-08-25,2,FC Koln,Hamburg,1,3,True
2017/18,2017-08-26,2,Augsburg,M'gladbach,2,2,True
2017/18,2017-08-26,2,Dortmund,Hertha,2,0,True
2017/18,2017-08-26,2,Ein Frankfurt,Wolfsburg,0,1,True
2017/18,2017-08-26,2,Leverkusen,Hoffenheim,2,2,True
2017/18,2017-08-26,2,Stuttgart,Mainz,1,0,True
2017/18,2017-08-26,2,Werder Bremen,Bayern Munich,0,2,True
2017/18,2017-08-27,2,Hannover,Schalke 04,1,0,True
2017/18,2017-08-27,2,RB Leipzig,Freiburg,4,1,True
2017/18,2017-09-08,3,Hamburg,RB Leipzig,0,2,True
2017/18,2017-09-09,3,Augsburg,FC Koln,3,0,True
2017/18,2017-09-09,3,Freiburg,Dortmund,0,0,True
2017/18,2017-09-09,3,Hoffenheim,Bayern Munich,2,0,True
2017/18,2017-09-09,3,M'gladbach,Ein Frankfurt,0,1,True
2017/18,2017-09-09,3,Mainz,Leverkusen,3,1,True
2017/18,2017-09-09,3,Wolfsburg,Hannover,1,1,True
2017/18,2017-09-10,3,Hertha,Werder Bremen,1,1,True
2017/18,2017-09-10,3,Schalke 04,Stuttgart,3,1,True
2017/18,2017-09-15,4,Hannover,Hamburg,2,0,True
2017/18,2017-09-16,4,Bayern Munich,Mainz,4,0,True
2017/18,2017-09-16,4,Ein Frankfurt,Augsburg,1,2,True
2017/18,2017-09-16,4,RB Leipzig,M'gladbach,2,2,True
2017/18,2017-09-16,4,Stuttgart,Wolfsburg,1,0,True
2017/18,2017-09-16,4,Werder Bremen,Schalke 04,1,2,True
2017/18,2017-09-17,4,Dortmund,FC Koln,5,0,True
2017/18,2017-09-17,4,Hoffenheim,Hertha,1,1,True
2017/18,2017-09-17,4,Leverkusen,Freiburg,4,0,True
2017/18,2017-09-19,5,Augsburg,RB Leipzig,1,0,True
2017/18,2017-09-19,5,M'gladbach,Stuttgart,2,0,True
2017/18,2017-09-19,5,Schalke 04,Bayern Munich,0,3,True
2017/18,2017-09-19,5,Wolfsburg,Werder Bremen,1,1,True
2017/18,2017-09-20,5,FC Koln,Ein Frankfurt,0,1,True
2017/18,2017-09-20,5,Freiburg,Hannover,1,1,True
2017/18,2017-09-20,5,Hamburg,Dortmund,0,3,True
2017/18,2017-09-20,5,Hertha,Leverkusen,2,1,True
2017/18,2017-09-20,5,Mainz,Hoffenheim,2,3,True
2017/18,2017-09-22,6,Bayern Munich,Wolfsburg,2,2,True
2017/18,2017-09-23,6,Dortmund,M'gladbach,6,1,True
2017/18,2017-09-23,6,Hoffenheim,Schalke 04,2,0,True
2017/18,2017-09-23,6,Mainz,Hertha,1,0,True
2017/18,2017-09-23,6,RB Leipzig,Ein Frankfurt,2,1,True
2017/18,2017-09-23,6,Stuttgart,Augsburg,0,0,True
2017/18,2017-09-23,6,Werder Bremen,Freiburg,0,0,True
2017/18,2017-09-24,6,Hannover,FC Koln,0,0,True
2017/18,2017-09-24,6,Leverkusen,Hamburg,3,0,True
2017/18,2017-09-29,7,Schalke 04,Leverkusen,1,1,True
2017/18,2017-09-30,7,Augsburg,Dortmund,1,2,True
2017/18,2017-09-30,7,Ein Frankfurt,Stuttgart,2,1,True
2017/18,2017-09-30,7,Hamburg,Werder Bremen,0,0,True
2017/18,2017-09-30,7,M'gladbach,Hannover,2,1,True
2017/18,2017-09-30,7,Wolfsburg,Mainz,1,1,True
2017/18,2017-10-01,7,FC Koln,RB Leipzig,1,2,True
2017/18,2017-10-01,7,Freiburg,Hoffenheim,3,2,True
2017/18,2017-10-01,7,Hertha,Bayern Munich,2,2,True
2017/18,2017-10-13,8,Stuttgart,FC Koln,2,1,True
2017/18,2017-10-14,8,Bayern Munich,Freiburg,5,0,True
2017/18,2017-10-14,8,Dortmund,RB Leipzig,2,3,True
2017/18,2017-10-14,8,Hannover,Ein Frankfurt,1,2,True
2017/18,2017-10-14,8,Hertha,Schalke 04,0,2,True
2017/18,2017-10-14,8,Hoffenheim,Augsburg,2,2,True
2017/18,2017-10-14,8,Mainz,Hamburg,3,2,True
2017/18,2017-10-15,8,Leverkusen,Wolfsburg,2,2,True
2017/18,2017-10-15,8,Werder Bremen,M'gladbach,0,2,True
2017/18,2017-10-20,9,Schalke 04,Mainz,2,0,True
2017/18,2017-10-21,9,Augsburg,Hannover,1,2,True
2017/18,2017-10-21,9,Ein Frankfurt,Dortmund,2,2,True
2017/18,2017-10-21,9,Hamburg,Bayern Munich,0,1,True
2017/18,2017-10-21,9,M'gladbach,Leverkusen,1,5,True
2017/18,2017-10-21,9,RB Leipzig,Stuttgart,1,0,True
2017/18,2017-10-22,9,FC Koln,Werder Bremen,0,0,True
2017/18,2017-10-22,9,Freiburg,Hertha,1,1,True
2017/18,2017-10-22,9,Wolfsburg,Hoffenheim,1,1,True
2017/18,2017-10-27,10,Mainz,Ein Frankfurt,1,1,True
2017/18,2017-10-28,10,Bayern Munich,RB Leipzig,2,0,True
2017/18,2017-10-28,10,Hannover,Dortmund,4,2,True
2017/18,2017-10-28,10,Hertha,Hamburg,2,1,True
2017/18,2017-10-28,10,Hoffenheim,M'gladbach,1,3,True
2017/18,2017-10-28,10,Leverkusen,FC Koln,2,1,True
2017/18,2017-10-28,10,Schalke 04,Wolfsburg,1,1,True
2017/18,2017-10-29,10,Stuttgart,Freiburg,3,0,True
2017/18,2017-10-29,10,Werder Bremen,Augsburg,0,3,True
2017/18,2017-11-03,11,Ein Frankfurt,Werder Bremen,2,1,True
2017/18,2017-11-04,11,Augsburg,Leverkusen,1,1,True
2017/18,2017-11-04,11,Dortmund,Bayern Munich,1,3,True
2017/18,2017-11-04,11,Freiburg,Schalke 04,0,1,True
2017/18,2017-11-04,11,Hamburg,Stuttgart,3,1,True
2017/18,2017-11-04,11,M'gladbach,Mainz,1,1,True
2017/18,2017-11-04,11,RB Leipzig,Hannover,2,1,True
2017/18,2017-11-05,11,FC Koln,Hoffenheim,0,3,True
2017/18,2017-11-05,11,Wolfsburg,Hertha,3,3,True
2017/18,2017-11-17,12,Stuttgart,Dortmund,2,1,True
2017/18,2017-11-18,12,Bayern Munich,Augsburg,3,0,True
2017/18,2017-11-18,12,Hertha,M'gladbach,2,4,True
2017/18,2017-11-18,12,Hoffenheim,Ein Frankfurt,1,1,True
2017/18,2017-11-18,12,Leverkusen,RB Leipzig,2,2,True
2017/18,2017-11-18,12,Mainz,FC Koln,1,0,True
2017/18,2017-11-18,12,Wolfsburg,Freiburg,3,1,True
2017/18,2017-11-19,12,Schalke 04,Hamburg,2,0,True
2017/18,2017-11-19,12,Werder Bremen,Hannover,4,0,True
2017/18,2017-11-24,13,Hannover,Stuttgart,1,1,True
2017/18,2017-11-25,13,Augsburg,Wolfsburg,2,1,True
2017/18,2017-11-25,13,Dortmund,Schalke 04,4,4,True
2017/18,2017-11-25,13,Ein Frankfurt,Leverkusen,0,1,True
2017/18,2017-11-25,13,Freiburg,Mainz,2,1,True
2017/18,2017-11-25,13,M'gladbach,Bayern Munich,2,1,True
2017/18,2017-11-25,13,RB Leipzig,Werder Bremen,2,0,True
2017/18,2017-11-26,13,FC Koln,Hertha,0,2,True
2017/18,2017-11-26,13,Hamburg,Hoffenheim,3,0,True
2017/18,2017-12-01,14,Freiburg,Hamburg,0,0,True
2017/18,2017-12-02,14,Bayern Munich,Hannover,3,1,True
2017/18,2017-12-02,14,Hoffenheim,RB Leipzig,4,0,True
2017/18,2017-12-02,14,Leverkusen,Dortmund,1,1,True
2017/18,2017-12-02,14,Mainz,Augsburg,1,3,True
2017/18,2017-12-02,14,Schalke 04,FC Koln,2,2,True
2017/18,2017-12-02,14,Werder Bremen,Stuttgart,1,0,True
2017/18,2017-12-03,14,Hertha,Ein Frankfurt,1,2,True
2017/18,2017-12-03,14,Wolfsburg,M'gladbach,3,0,True
2017/18,2017-12-08,15,Stuttgart,Leverkusen,0,2,True
2017/18,2017-12-09,15,Dortmund,Werder Bremen,1,2,True
2017/18,2017-12-09,15,Ein Frankfurt,Bayern Munich,0,1,True
2017/18,2017-12-09,15,Hamburg,Wolfsburg,0,0,True
2017/18,2017-12-09,15,M'gladbach,Schalke 04,1,1,True
2017/18,2017-12-09,15,RB Leipzig,Mainz,2,2,True
2017/18,2017-12-10,15,Augsburg,Hertha,1,1,True
2017/18,2017-12-10,15,FC Koln,Freiburg,3,4,True
2017/18,2017-12-10,15,Hannover,Hoffenheim,2,0,True
2017/18,2017-12-12,16,Freiburg,M'gladbach,1,0,True
2017/18,2017-12-12,16,Hamburg,Ein Frankfurt,1,2,True
2017/18,2017-12-12,16,Mainz,Dortmund,0,2,True
2017/18,2017-12-12,16,Wolfsburg,RB Leipzig,1,1,True
2017/18,2017-12-13,16,Bayern Munich,FC Koln,1,0,True
2017/18,2017-12-13,16,Hertha,Hannover,3,1,True
2017/18,2017-12-13,16,Hoffenheim,Stuttgart,1,0,True
2017/18,2017-12-13,16,Leverkusen,Werder Bremen,1,0,True
2017/18,2017-12-13,16,Schalke 04,Augsburg,3,2,True
2017/18,2017-12-15,17,M'gladbach,Hamburg,3,1,True
2017/18,2017-12-16,17,Augsburg,Freiburg,3,3,True
2017/18,2017-12-16,17,Dortmund,Hoffenheim,2,1,True
2017/18,2017-12-16,17,Ein Frankfurt,Schalke 04,2,2,True
2017/18,2017-12-16,17,FC Koln,Wolfsburg,1,0,True
2017/18,2017-12-16,17,Stuttgart,Bayern Munich,0,1,True
2017/18,2017-12-16,17,Werder Bremen,Mainz,2,2,True
2017/18,2017-12-17,17,Hannover,Leverkusen,4,4,True
2017/18,2017-12-17,17,RB Leipzig,Hertha,2,3,True
2017/18,2018-01-12,18,Leverkusen,Bayern Munich,1,3,True
2017/18,2018-01-13,18,Augsburg,Hamburg,1,0,True
2017/18,2018-01-13,18,Ein Frankfurt,Freiburg,1,1,True
2017/18,2018-01-13,18,Hannover,Mainz,3,2,True
2017/18,2018-01-13,18,RB Leipzig,Schalke 04,3,1,True
2017/18,2018-01-13,18,Stuttgart,Hertha,1,0,True
2017/18,2018-01-13,18,Werder Bremen,Hoffenheim,1,1,True
2017/18,2018-01-14,18,Dortmund,Wolfsburg,0,0,True
2017/18,2018-01-14,18,FC Koln,M'gladbach,2,1,True
2017/18,2018-01-19,19,Hertha,Dortmund,1,1,True
2017/18,2018-01-20,19,Freiburg,RB Leipzig,2,1,True
2017/18,2018-01-20,19,Hamburg,FC Koln,0,2,True
2017/18,2018-01-20,19,Hoffenheim,Leverkusen,1,4,True
2017/18,2018-01-20,19,M'gladbach,Augsburg,2,0,True
2017/18,2018-01-20,19,Mainz,Stuttgart,3,2,True
2017/18,2018-01-20,19,Wolfsburg,Ein Frankfurt,1,3,True
2017/18,2018-01-21,19,Bayern Munich,Werder Bremen,4,2,True
2017/18,2018-01-21,19,Schalke 04,Hannover,1,1,True
2017/18,2018-01-26,20,Ein Frankfurt,M'gladbach,2,0,True
2017/18,2018-01-27,20,Bayern Munich,Hoffenheim,5,2,True
2017/18,2018-01-27,20,Dortmund,Freiburg,2,2,True
2017/18,2018-01-27,20,FC Koln,Augsburg,1,1,True
2017/18,2018-01-27,20,RB Leipzig,Hamburg,1,1,True
2017/18,2018-01-27,20,Stuttgart,Schalke 04,0,2,True
2017/18,2018-01-27,20,Werder Bremen,Hertha,0,0,True
2017/18,2018-01-28,20,Hannover,Wolfsburg,0,1,True
2017/18,2018-01-28,20,Leverkusen,Mainz,2,0,True
2017/18,2018-02-02,21,FC Koln,Dortmund,2,3,True
2017/18,2018-02-03,21,Freiburg,Leverkusen,0,0,True
2017/18,2018-02-03,21,Hertha,Hoffenheim,1,1,True
2017/18,2018-02-03,21,M'gladbach,RB Leipzig,0,1,True
2017/18,2018-02-03,21,Mainz,Bayern Munich,0,2,True
2017/18,2018-02-03,21,Schalke 04,Werder Bremen,1,2,True
2017/18,2018-02-03,21,Wolfsburg,Stuttgart,1,1,True
2017/18,2018-02-04,21,Augsburg,Ein Frankfurt,3,0,True
2017/18,2018-02-04,21,Hamburg,Hannover,1,1,True
2017/18,2018-02-09,22,RB Leipzig,Augsburg,2,0,True
2017/18,2018-02-10,22,Bayern Munich,Schalke 04,2,1,True
2017/18,2018-02-10,22,Dortmund,Hamburg,2,0,True
2017/18,2018-02-10,22,Ein Frankfurt,FC Koln,4,2,True
2017/18,2018-02-10,22,Hannover,Freiburg,2,1,True
2017/18,2018-02-10,22,Hoffenheim,Mainz,4,2,True
2017/18,2018-02-10,22,Leverkusen,Hertha,0,2,True
2017/18,2018-02-11,22,Stuttgart,M'gladbach,1,0,True
2017/18,2018-02-11,22,Werder Bremen,Wolfsburg,3,1,True
2017/18,2018-02-16,23,Hertha,Mainz,0,2,True
2017/18,2018-02-17,23,FC Koln,Hannover,1,1,True
2017/18,2018-02-17,23,Freiburg,Werder Bremen,1,0,True
2017/18,2018-02-17,23,Hamburg,Leverkusen,1,2,True
2017/18,2018-02-17,23,Schalke 04,Hoffenheim,2,1,True
2017/18,2018-02-17,23,Wolfsburg,Bayern Munich,1,2,True
2017/18,2018-02-18,23,Augsburg,Stuttgart,0,1,True
2017/18,2018-02-18,23,M'gladbach,Dortmund,0,1,True
2017/18,2018-02-19,23,Ein Frankfurt,RB Leipzig,2,1,True
2017/18,2018-02-23,24,Mainz,Wolfsburg,1,1,True
2017/18,2018-02-24,24,Bayern Munich,Hertha,0,0,True
2017/18,2018-02-24,24,Hannover,M'gladbach,0,1,True
2017/18,2018-02-24,24,Hoffenheim,Freiburg,1,1,True
2017/18,2018-02-24,24,Stuttgart,Ein Frankfurt,1,0,True
2017/18,2018-02-24,24,Werder Bremen,Hamburg,1,0,True
2017/18,2018-02-25,24,Leverkusen,Schalke 04,0,2,True
2017/18,2018-02-25,24,RB Leipzig,FC Koln,1,2,True
2017/18,2018-02-26,24,Dortmund,Augsburg,1,1,True
2017/18,2018-03-02,25,M'gladbach,Werder Bremen,2,2,True
2017/18,2018-03-03,25,Augsburg,Hoffenheim,0,2,True
2017/18,2018-03-03,25,Ein Frankfurt,Hannover,1,0,True
2017/18,2018-03-03,25,Hamburg,Mainz,0,0,True
2017/18,2018-03-03,25,RB Leipzig,Dortmund,1,1,True
2017/18,2018-03-03,25,Schalke 04,Hertha,1,0,True
2017/18,2018-03-03,25,Wolfsburg,Leverkusen,1,2,True
2017/18,2018-03-04,25,FC Koln,Stuttgart,2,3,True
2017/18,2018-03-04,25,Freiburg,Bayern Munich,0,4,True
2017/18,2018-03-09,26,Mainz,Schalke 04,0,1,True
2017/18,2018-03-10,26,Bayern Munich,Hamburg,6,0,True
2017/18,2018-03-10,26,Hannover,Augsburg,1,3,True
2017/18,2018-03-10,26,Hertha,Freiburg,0,0,True
2017/18,2018-03-10,26,Hoffenheim,Wolfsburg,3,0,True
2017/18,2018-03-10,26,Leverkusen,M'gladbach,2,0,True
2017/18,2018-03-11,26,Dortmund,Ein Frankfurt,3,2,True
2017/18,2018-03-11,26,Stuttgart,RB Leipzig,0,0,True
2017/18,2018-03-12,26,Werder Bremen,FC Koln,3,1,True
2017/18,2018-03-16,27,Freiburg,Stuttgart,1,2,True
2017/18,2018-03-17,27,Augsburg,Werder Bremen,1,3,True
2017/18,2018-03-17,27,Ein Frankfurt,Mainz,3,0,True
2017/18,2018-03-17,27,Hamburg,Hertha,1,2,True
2017/18,2018-03-17,27,M'gladbach,Hoffenheim,3,3,True
2017/18,2018-03-17,27,Wolfsburg,Schalke 04,0,1,True
2017/18,2018-03-18,27,Dortmund,Hannover,1,0,True
2017/18,2018-03-18,27,FC Koln,Leverkusen,2,0,True
2017/18,2018-03-18,27,RB Leipzig,Bayern Munich,2,1,True
2017/18,2018-03-31,28,Bayern Munich,Dortmund,6,0,True
2017/18,2018-03-31,28,Hannover,RB Leipzig,2,3,True
2017/18,2018-03-31,28,Hertha,Wolfsburg,0,0,True
2017/18,2018-03-31,28,Hoffenheim,FC Koln,6,0,True
2017/18,2018-03-31,28,Leverkusen,Augsburg,0,0,True
2017/18,2018-03-31,28,Schalke 04,Freiburg,2,0,True
2017/18,2018-03-31,28,Stuttgart,Hamburg,1,1,True
2017/18,2018-04-01,28,Mainz,M'gladbach,0,0,True
2017/18,2018-04-01,28,Werder Bremen,Ein Frankfurt,2,1,True
2017/18,2018-04-06,29,Hannover,Werder Bremen,2,1,True
2017/18,2018-04-07,29,Augsburg,Bayern Munich,1,4,True
2017/18,2018-04-07,29,FC Koln,Mainz,1,1,True
2017/18,2018-04-07,29,Freiburg,Wolfsburg,0,2,True
2017/18,2018-04-07,29,Hamburg,Schalke 04,3,2,True
2017/18,2018-04-07,29,M'gladbach,Hertha,2,1,True
2017/18,2018-04-08,29,Dortmund,Stuttgart,3,0,True
2017/18,2018-04-08,29,Ein Frankfurt,Hoffenheim,1,1,True
2017/18,2018-04-09,29,RB Leipzig,Leverkusen,1,4,True
2017/18,2018-04-13,30,Wolfsburg,Augsburg,0,0,True
2017/18,2018-04-14,30,Bayern Munich,M'gladbach,5,1,True
2017/18,2018-04-14,30,Hertha,FC Koln,2,1,True
2017/18,2018-04-14,30,Hoffenheim,Hamburg,2,0,True
2017/18,2018-04-14,30,Leverkusen,Ein Frankfurt,4,1,True
2017/18,2018-04-14,30,Stuttgart,Hannover,1,1,True
2017/18,2018-04-15,30,Schalke 04,Dortmund,2,0,True
2017/18,2018-04-15,30,Werder Bremen,RB Leipzig,1,1,True
2017/18,2018-04-16,30,Mainz,Freiburg,2,0,True
2017/18,2018-04-20,31,M'gladbach,Wolfsburg,3,0,True
2017/18,2018-04-21,31,Dortmund,Leverkusen,4,0,True
2017/18,2018-04-21,31,Ein Frankfurt,Hertha,0,3,True
2017/18,2018-04-21,31,Hamburg,Freiburg,1,0,True
2017/18,2018-04-21,31,Hannover,Bayern Munich,0,3,True
2017/18,2018-04-21,31,RB Leipzig,Hoffenheim,2,5,True
2017/18,2018-04-21,31,Stuttgart,Werder Bremen,2,0,True
2017/18,2018-04-22,31,Augsburg,Mainz,2,0,True
2017/18,2018-04-22,31,FC Koln,Schalke 04,2,2,True
2017/18,2018-04-27,32,Hoffenheim,Hannover,3,1,True
2017/18,2018-04-28,32,Bayern Munich,Ein Frankfurt,4,1,True
2017/18,2018-04-28,32,Freiburg,FC Koln,3,2,True
2017/18,2018-04-28,32,Hertha,Augsburg,2,2,True
2017/18,2018-04-28,32,Leverkusen,Stuttgart,0,1,True
2017/18,2018-04-28,32,Schalke 04,M'gladbach,1,1,True
2017/18,2018-04-28,32,Wolfsburg,Hamburg,1,3,True
2017/18,2018-04-29,32,Mainz,RB Leipzig,3,0,True
2017/18,2018-04-29,32,Werder Bremen,Dortmund,1,1,True
2017/18,2018-05-05,33,Augsburg,Schalke 04,1,2,True
2017/18,2018-05-05,33,Dortmund,Mainz,1,2,True
2017/18,2018-05-05,33,Ein Frankfurt,Hamburg,3,0,True
2017/18,2018-05-05,33,FC Koln,Bayern Munich,1,3,True
2017/18,2018-05-05,33,Hannover,Hertha,3,1,True
2017/18,2018-05-05,33,M'gladbach,Freiburg,3,1,True
2017/18,2018-05-05,33,RB Leipzig,Wolfsburg,4,1,True
2017/18,2018-05-05,33,Stuttgart,Hoffenheim,2,0,True
2017/18,2018-05-05,33,Werder Bremen,Leverkusen,0,0,True
2017/18,2018-05-12,34,Bayern Munich,Stuttgart,1,4,True
2017/18,2018-05-12,34,Freiburg,Augsburg,2,0,True
2017/18,2018-05-12,34,Hamburg,M'gladbach,2,1,True
2017/18,2018-05-12,34,Hertha,RB Leipzig,2,6,True
2017/18,2018-05-12,34,Hoffenheim,Dortmund,3,1,True
2017/18,2018-05-12,34,Leverkusen,Hannover,3,2,True
2017/18,2018-05-12,34,Mainz,Werder Bremen,1,2,True
2017/18,2018-05-12,34,Schalke 04,Ein Frankfurt,1,0,True
2017/18,2018-05-12,34,Wolfsburg,FC Koln,4,1,True
2018/19,2018-08-24,1,Bayern Munich,Hoffenheim,3,1,True
2018/19,2018-08-25,1,Fortuna Dusseldorf,Augsburg,1,2,True
2018/19,2018-08-25,1,Freiburg,Ein Frankfurt,0,2,True
2018/19,2018-08-25,1,Hertha,Nurnberg,1,0,True
2018/19,2018-08-25,1,M'gladbach,Leverkusen,2,0,True
2018/19,2018-08-25,1,Werder Bremen,Hannover,1,1,True
2018/19,2018-08-25,1,Wolfsburg,Schalke 04,2,1,True
2018/19,2018-08-26,1,Dortmund,RB Leipzig,4,1,True
2018/19,2018-08-26,1,Mainz,Stuttgart,1,0,True
2018/19,2018-08-31,2,Hannover,Dortmund,0,0,True
2018/19,2018-09-01,2,Augsburg,M'gladbach,1,1,True
2018/19,2018-09-01,2,Ein Frankfurt,Werder Bremen,1,2,True
2018/19,2018-09-01,2,Hoffenheim,Freiburg,3,1,True
2018/19,2018-09-01,2,Leverkusen,Wolfsburg,1,3,True
2018/19,2018-09-01,2,Nurnberg,Mainz,1,1,True
2018/19,2018-09-01,2,Stuttgart,Bayern Munich,0,3,True
2018/19,2018-09-02,2,RB Leipzig,Fortuna Dusseldorf,1,1,True
2018/19,2018-09-02,2,Schalke 04,Hertha,0,2,True
2018/19,2018-09-14,3,Dortmund,Ein Frankfurt,3,1,True
2018/19,2018-09-15,3,Bayern Munich,Leverkusen,3,1,True
2018/19,2018-09-15,3,Fortuna Dusseldorf,Hoffenheim,2,1,True
2018/19,2018-09-15,3,M'gladbach,Schalke 04,2,1,True
2018/19,2018-09-15,3,Mainz,Augsburg,2,1,True
2018/19,2018-09-15,3,RB Leipzig,Hannover,3,2,True
2018/19,2018-09-15,3,Wolfsburg,Hertha,2,2,True
2018/19,2018-09-16,3,Freiburg,Stuttgart,3,3,True
2018/19,2018-09-16,3,Werder Bremen,Nurnberg,1,1,True
2018/19,2018-09-21,4,Stuttgart,Fortuna Dusseldorf,0,0,True
2018/19,2018-09-22,4,Augsburg,Werder Bremen,2,3,True
2018/19,2018-09-22,4,Hertha,M'gladbach,4,2,True
2018/19,2018-09-22,4,Hoffenheim,Dortmund,1,1,True
2018/19,2018-09-22,4,Nurnberg,Hannover,2,0,True
2018/19,2018-09-22,4,Schalke 04,Bayern Munich,0,2,True
2018/19,2018-09-22,4,Wolfsburg,Freiburg,1,3,True
2018/19,2018-09-23,4,Ein Frankfurt,RB Leipzig,1,1,True
2018/19,2018-09-23,4,Leverkusen,Mainz,1,0,True
2018/19,2018-09-25,5,Bayern Munich,Augsburg,1,1,True
2018/19,2018-09-25,5,Freiburg,Schalke 04,1,0,True
2018/19,2018-09-25,5,Hannover,Hoffenheim,1,3,True
2018/19,2018-09-25,5,Werder Bremen,Hertha,3,1,True
2018/19,2018-09-26,5,Dortmund,Nurnberg,7,0,True
2018/19,2018-09-26,5,Fortuna Dusseldorf,Leverkusen,1,2,True
2018/19,2018-09-26,5,M'gladbach,Ein Frankfurt,3,1,True
2018/19,2018-09-26,5,Mainz,Wolfsburg,0,0,True
2018/19,2018-09-26,5,RB Leipzig,Stuttgart,2,0,True
2018/19,2018-09-28,6,Hertha,Bayern Munich,2,0,True
2018/19,2018-09-29,6,Hoffenheim,RB Leipzig,1,2,True
2018/19,2018-09-29,6,Leverkusen,Dortmund,2,4,True
2018/19,2018-09-29,6,Nurnberg,Fortuna Dusseldorf,3,0,True
2018/19,2018-09-29,6,Schalke 04,Mainz,1,0,True
2018/19,2018-09-29,6,Stuttgart,Werder Bremen,2,1,True
2018/19,2018-09-29,6,Wolfsburg,M'gladbach,2,2,True
2018/19,2018-09-30,6,Augsburg,Freiburg,4,1,True
2018/19,2018-09-30,6,Ein Frankfurt,Hannover,4,1,True
2018/19,2018-10-05,7,Werder Bremen,Wolfsburg,2,0,True
2018/19,2018-10-06,7,Bayern Munich,M'gladbach,0,3,True
2018/19,2018-10-06,7,Dortmund,Augsburg,4,3,True
2018/19,2018-10-06,7,Fortuna Dusseldorf,Schalke 04,0,2,True
2018/19,2018-10-06,7,Hannover,Stuttgart,3,1,True
2018/19,2018-10-06,7,Mainz,Hertha,0,0,True
2018/19,2018-10-07,7,Freiburg,Leverkusen,0,0,True
2018/19,2018-10-07,7,Hoffenheim,Ein Frankfurt,1,2,True
2018/19,2018-10-07,7,RB Leipzig,Nurnberg,6,0,True
2018/19,2018-10-19,8,Ein Frankfurt,Fortuna Dusseldorf,7,1,True
2018/19,2018-10-20,8,Augsburg,RB Leipzig,0,0,True
2018/19,2018-10-20,8,Leverkusen,Hannover,2,2,True
2018/19,2018-10-20,8,Nurnberg,Hoffenheim,1,3,True
2018/19,2018-10-20,8,Schalke 04,Werder Bremen,0,2,True
2018/19,2018-10-20,8,Stuttgart,Dortmund,0,4,True
2018/19,2018-10-20,8,Wolfsburg,Bayern Munich,1,3,True
2018/19,2018-10-21,8,Hertha,Freiburg,1,1,True
2018/19,2018-10-21,8,M'gladbach,Mainz,4,0,True
2018/19,2018-10-26,9,Freiburg,M'gladbach,3,1,True
2018/19,2018-10-27,9,Dortmund,Hertha,2,2,True
2018/19,2018-10-27,9,Fortuna Dusseldorf,Wolfsburg,0,3,True
2018/19,2018-10-27,9,Hannover,Augsburg,1,2,True
2018/19,2018-10-27,9,Hoffenheim,Stuttgart,4,0,True
2018/19,2018-10-27,9,Mainz,Bayern Munich,1,2,True
2018/19,2018-10-28,9,Nurnberg,Ein Frankfurt,1,1,True
2018/19,2018-10-28,9,RB Leipzig,Schalke 04,0,0,True
2018/19,2018-10-28,9,Werder Bremen,Leverkusen,2,6,True
2018/19,2018-11-02,10,Stuttgart,Ein Frankfurt,0,3,True
2018/19,2018-11-03,10,Augsburg,Nurnberg,2,2,True
2018/19,2018-11-03,10,Bayern Munich,Freiburg,1,1,True
2018/19,2018-11-03,10,Hertha,RB Leipzig,0,3,True
2018/19,2018-11-03,10,Leverkusen,Hoffenheim,1,4,True
2018/19,2018-11-03,10,Schalke 04,Hannover,3,1,True
2018/19,2018-11-03,10,Wolfsburg,Dortmund,0,1,True
2018/19,2018-11-04,10,M'gladbach,Fortuna Dusseldorf,3,0,True
2018/19,2018-11-04,10,Mainz,Werder Bremen,2,1,True
2018/19,2018-11-09,11,Hannover,Wolfsburg,2,1,True
2018/19,2018-11-10,11,Dortmund,Bayern Munich,3,2,True
2018/19,2018-11-10,11,Fortuna Dusseldorf,Hertha,4,1,True
2018/19,2018-11-10,11,Freiburg,Mainz,1,3,True
2018/19,2018-11-10,11,Hoffenheim,Augsburg,2,1,True
2018/19,2018-11-10,11,Nurnberg,Stuttgart,0,2,True
2018/19,2018-11-10,11,Werder Bremen,M'gladbach,1,3,True
2018/19,2018-11-11,11,Ein Frankfurt,Schalke 04,3,0,True
2018/19,2018-11-11,11,RB Leipzig,Leverkusen,3,0,True
2018/19,2018-11-23,12,Leverkusen,Stuttgart,2,0,True
2018/19,2018-11-24,12,Augsburg,Ein Frankfurt,1,3,True
2018/19,2018-11-24,12,Bayern Munich,Fortuna Dusseldorf,3,3,True
2018/19,2018-11-24,12,Hertha,Hoffenheim,3,3,True
2018/19,2018-11-24,12,Mainz,Dortmund,1,2,True
2018/19,2018-11-24,12,Schalke 04,Nurnberg,5,2,True
2018/19,2018-11-24,12,Wolfsburg,RB Leipzig,1,0,True
2018/19,2018-11-25,12,Freiburg,Werder Bremen,1,1,True
2018/19,2018-11-25,12,M'gladbach,Hannover,4,1,True
2018/19,2018-11-30,13,Fortuna Dusseldorf,Mainz,0,1,True
2018/19,2018-12-01,13,Dortmund,Freiburg,2,0,True
2018/19,2018-12-01,13,Hannover,Hertha,0,2,True
2018/19,2018-12-01,13,Hoffenheim,Schalke 04,1,1,True
2018/19,2018-12-01,13,Stuttgart,Augsburg,1,0,True
2018/19,2018-12-01,13,Werder Bremen,Bayern Munich,1,2,True
2018/19,2018-12-02,13,Ein Frankfurt,Wolfsburg,1,2,True
2018/19,2018-12-02,13,RB Leipzig,M'gladbach,2,0,True
2018/19,2018-12-03,13,Nurnberg,Leverkusen,1,1,True
2018/19,2018-12-07,14,Werder Bremen,Fortuna Dusseldorf,3,1,True
2018/19,2018-12-08,14,Bayern Munich,Nurnberg,3,0,True
2018/19,2018-12-08,14,Freiburg,RB Leipzig,3,0,True
2018/19,2018-12-08,14,Hertha,Ein Frankfurt,1,0,True
2018/19,2018-12-08,14,Leverkusen,Augsburg,1,0,True
2018/19,2018-12-08,14,Schalke 04,Dortmund,1,2,True
2018/19,2018-12-08,14,Wolfsburg,Hoffenheim,2,2,True
2018/19,2018-12-09,14,M'gladbach,Stuttgart,3,0,True
2018/19,2018-12-09,14,Mainz,Hannover,1,1,True
2018/19,2018-12-14,15,Nurnberg,Wolfsburg,0,2,True
2018/19,2018-12-15,15,Augsburg,Schalke 04,1,1,True
2018/19,2018-12-15,15,Dortmund,Werder Bremen,2,1,True
2018/19,2018-12-15,15,Fortuna Dusseldorf,Freiburg,2,0,True
2018/19,2018-12-15,15,Hannover,Bayern Munich,0,4,True
2018/19,2018-12-15,15,Hoffenheim,M'gladbach,0,0,True
2018/19,2018-12-15,15,Stuttgart,Hertha,2,1,True
2018/19,2018-12-16,15,Ein Frankfurt,Leverkusen,2,1,True
2018/19,2018-12-16,15,RB Leipzig,Mainz,4,1,True
2018/19,2018-12-18,16,Fortuna Dusseldorf,Dortmund,2,1,True
2018/19,2018-12-18,16,Hertha,Augsburg,2,2,True
2018/19,2018-12-18,16,M'gladbach,Nurnberg,2,0,True
2018/19,2018-12-18,16,Wolfsburg,Stuttgart,2,0,True
2018/19,2018-12-19,16,Bayern Munich,RB Leipzig,1,0,True
2018/19,2018-12-19,16,Freiburg,Hannover,1,1,True
2018/19,2018-12-19,16,Mainz,Ein Frankfurt,2,2,True
2018/19,2018-12-19,16,Schalke 04,Leverkusen,1,2,True
2018/19,2018-12-19,16,Werder Bremen,Hoffenheim,1,1,True
2018/19,2018-12-21,17,Dortmund,M'gladbach,2,1,True
2018/19,2018-12-22,17,Ein Frankfurt,Bayern Munich,0,3,True
2018/19,2018-12-22,17,Hannover,Fortuna Dusseldorf,0,1,True
2018/19,2018-12-22,17,Leverkusen,Hertha,3,1,True
2018/19,2018-12-22,17,Nurnberg,Freiburg,0,1,True
2018/19,2018-12-22,17,RB Leipzig,Werder Bremen,3,2,True
2018/19,2018-12-22,17,Stuttgart,Schalke 04,1,3,True
2018/19,2018-12-23,17,Augsburg,Wolfsburg,2,3,True
2018/19,2018-12-23,17,Hoffenheim,Mainz,1,1,True
2018/19,2019-01-18,18,Hoffenheim,Bayern Munich,1,3,True
2018/19,2019-01-19,18,Augsburg,Fortuna Dusseldorf,1,2,True
2018/19,2019-01-19,18,Ein Frankfurt,Freiburg,3,1,True
2018/19,2019-01-19,18,Hannover,Werder Bremen,0,1,True
2018/19,2019-01-19,18,Leverkusen,M'gladbach,0,1,True
2018/19,2019-01-19,18,RB Leipzig,Dortmund,0,1,True
2018/19,2019-01-19,18,Stuttgart,Mainz,2,3,True
2018/19,2019-01-20,18,Nurnberg,Hertha,1,3,True
2018/19,2019-01-20,18,Schalke 04,Wolfsburg,2,1,True
2018/19,2019-01-25,19,Hertha,Schalke 04,2,2,True
2018/19,2019-01-26,19,Dortmund,Hannover,5,1,True
2018/19,2019-01-26,19,Freiburg,Hoffenheim,2,4,True
2018/19,2019-01-26,19,M'gladbach,Augsburg,2,0,True
2018/19,2019-01-26,19,Mainz,Nurnberg,2,1,True
2018/19,2019-01-26,19,Werder Bremen,Ein Frankfurt,2,2,True
2018/19,2019-01-26,19,Wolfsburg,Leverkusen,0,3,True
2018/19,2019-01-27,19,Bayern Munich,Stuttgart,4,1,True
2018/19,2019-01-27,19,Fortuna Dusseldorf,RB Leipzig,0,4,True
2018/19,2019-02-01,20,Hannover,RB Leipzig,0,3,True
2018/19,2019-02-02,20,Ein Frankfurt,Dortmund,1,1,True
2018/19,2019-02-02,20,Hertha,Wolfsburg,0,1,True
2018/19,2019-02-02,20,Hoffenheim,Fortuna Dusseldorf,1,1,True
2018/19,2019-02-02,20,Leverkusen,Bayern Munich,3,1,True
2018/19,2019-02-02,20,Nurnberg,Werder Bremen,1,1,True
2018/19,2019-02-02,20,Schalke 04,M'gladbach,0,2,True
2018/19,2019-02-03,20,Augsburg,Mainz,3,0,True
2018/19,2019-02-03,20,Stuttgart,Freiburg,2,2,True
2018/19,2019-02-08,21,Mainz,Leverkusen,1,5,True
2018/19,2019-02-09,21,Bayern Munich,Schalke 04,3,1,True
2018/19,2019-02-09,21,Dortmund,Hoffenheim,3,3,True
2018/19,2019-02-09,21,Freiburg,Wolfsburg,3,3,True
2018/19,2019-02-09,21,Hannover,Nurnberg,2,0,True
2018/19,2019-02-09,21,M'gladbach,Hertha,0,3,True
2018/19,2019-02-09,21,RB Leipzig,Ein Frankfurt,0,0,True
2018/19,2019-02-10,21,Fortuna Dusseldorf,Stuttgart,3,0,True
2018/19,2019-02-10,21,Werder Bremen,Augsburg,4,0,True
2018/19,2019-02-15,22,Augsburg,Bayern Munich,2,3,True
2018/19,2019-02-16,22,Hertha,Werder Bremen,1,1,True
2018/19,2019-02-16,22,Hoffenheim,Hannover,3,0,True
2018/19,2019-02-16,22,Schalke 04,Freiburg,0,0,True
2018/19,2019-02-16,22,Stuttgart,RB Leipzig,1,3,True
2018/19,2019-02-16,22,Wolfsburg,Mainz,3,0,True
2018/19,2019-02-17,22,Ein Frankfurt,M'gladbach,1,1,True
2018/19,2019-02-17,22,Leverkusen,Fortuna Dusseldorf,2,0,True
2018/19,2019-02-18,22,Nurnberg,Dortmund,0,0,True
2018/19,2019-02-22,23,Werder Bremen,Stuttgart,1,1,True
2018/19,2019-02-23,23,Bayern Munich,Hertha,1,0,True
2018/19,2019-02-23,23,Fortuna Dusseldorf,Nurnberg,2,1,True
2018/19,2019-02-23,23,Freiburg,Augsburg,5,1,True
2018/19,2019-02-23,23,M'gladbach,Wolfsburg,0,3,True
2018/19,2019-02-23,23,Mainz,Schalke 04,3,0,True
2018/19,2019-02-24,23,Dortmund,Leverkusen,3,2,True
2018/19,2019-02-24,23,Hannover,Ein Frankfurt,0,3,True
2018/19,2019-02-25,23,RB Leipzig,Hoffenheim,1,1,True
2018/19,2019-03-01,24,Augsburg,Dortmund,2,1,True
2018/19,2019-03-02,24,Ein Frankfurt,Hoffenheim,3,2,True
2018/19,2019-03-02,24,Hertha,Mainz,2,1,True
2018/19,2019-03-02,24,Leverkusen,Freiburg,2,0,True
2018/19,2019-03-02,24,M'gladbach,Bayern Munich,1,5,True
2018/19,2019-03-02,24,Nurnberg,RB Leipzig,0,1,True
2018/19,2019-03-02,24,Schalke 04,Fortuna Dusseldorf,0,4,True
2018/19,2019-03-03,24,Stuttgart,Hannover,5,1,True
2018/19,2019-03-03,24,Wolfsburg,Werder Bremen,1,1,True
2018/19,2019-03-08,25,Werder Bremen,Schalke 04,4,2,True
2018/19,2019-03-09,25,Bayern Munich,Wolfsburg,6,0,True
2018/19,2019-03-09,25,Dortmund,Stuttgart,3,1,True
2018/19,2019-03-09,25,Freiburg,Hertha,2,1,True
2018/19,2019-03-09,25,Mainz,M'gladbach,0,1,True
2018/19,2019-03-09,25,RB Leipzig,Augsburg,0,0,True
2018/19,2019-03-10,25,Hannover,Leverkusen,2,3,True
2018/19,2019-03-10,25,Hoffenheim,Nurnberg,2,1,True
2018/19,2019-03-11,25,Fortuna Dusseldorf,Ein Frankfurt,0,3,True
2018/19,2019-03-15,26,M'gladbach,Freiburg,1,1,True
2018/19,2019-03-16,26,Augsburg,Hannover,3,1,True
2018/19,2019-03-16,26,Hertha,Dortmund,2,3,True
2018/19,2019-03-16,26,Schalke 04,RB Leipzig,0,1,True
2018/19,2019-03-16,26,Stuttgart,Hoffenheim,1,1,True
2018/19,2019-03-16,26,Wolfsburg,Fortuna Dusseldorf,5,2,True
2018/19,2019-03-17,26,Bayern Munich,Mainz,6,0,True
2018/19,2019-03-17,26,Ein Frankfurt,Nurnberg,1,0,True
2018/19,2019-03-17,26,Leverkusen,Werder Bremen,1,3,True
2018/19,2019-03-29,27,Hoffenheim,Leverkusen,4,1,True
2018/19,2019-03-30,27,Dortmund,Wolfsburg,2,0,True
2018/19,2019-03-30,27,Fortuna Dusseldorf,M'gladbach,3,1,True
2018/19,2019-03-30,27,Freiburg,Bayern Munich,1,1,True
2018/19,2019-03-30,27,Nurnberg,Augsburg,3,0,True
2018/19,2019-03-30,27,RB Leipzig,Hertha,5,0,True
2018/19,2019-03-30,27,Werder Bremen,Mainz,3,1,True
2018/19,2019-03-31,27,Ein Frankfurt,Stuttgart,3,0,True
2018/19,2019-03-31,27,Hannover,Schalke 04,0,1,True
2018/19,2019-04-05,28,Mainz,Freiburg,5,0,True
2018/19,2019-04-06,28,Bayern Munich,Dortmund,5,0,True
2018/19,2019-04-06,28,Hertha,Fortuna Dusseldorf,1,2,True
2018/19,2019-04-06,28,Leverkusen,RB Leipzig,2,4,True
2018/19,2019-04-06,28,Schalke 04,Ein Frankfurt,1,2,True
2018/19,2019-04-06,28,Stuttgart,Nurnberg,1,1,True
2018/19,2019-04-06,28,Wolfsburg,Hannover,3,1,True
2018/19,2019-04-07,28,Augsburg,Hoffenheim,0,4,True
2018/19,2019-04-07,28,M'gladbach,Werder Bremen,1,1,True
2018/19,2019-04-12,29,Nurnberg,Schalke 04,1,1,True
2018/19,2019-04-13,29,Dortmund,Mainz,2,1,True
2018/19,2019-04-13,29,Hannover,M'gladbach,0,1,True
2018/19,2019-04-13,29,RB Leipzig,Wolfsburg,2,0,True
2018/19,2019-04-13,29,Stuttgart,Leverkusen,0,1,True
2018/19,2019-04-13,29,Werder Bremen,Freiburg,2,1,True
2018/19,2019-04-14,29,Ein Frankfurt,Augsburg,1,3,True
2018/19,2019-04-14,29,Fortuna Dusseldorf,Bayern Munich,1,4,True
2018/19,2019-04-14,29,Hoffenheim,Hertha,2,0,True
2018/19,2019-04-20,30,Augsburg,Stuttgart,6,0,True
2018/19,2019-04-20,30,Bayern Munich,Werder Bremen,1,0,True
2018/19,2019-04-20,30,Leverkusen,Nurnberg,2,0,True
2018/19,2019-04-20,30,M'gladbach,RB Leipzig,1,2,True
2018/19,2019-04-20,30,Mainz,Fortuna Dusseldorf,3,1,True
2018/19,2019-04-20,30,Schalke 04,Hoffenheim,2,5,True
2018/19,2019-04-21,30,Freiburg,Dortmund,0,4,True
2018/19,2019-04-21,30,Hertha,Hannover,0,0,True
2018/19,2019-04-22,30,Wolfsburg,Ein Frankfurt,1,1,True
2018/19,2019-04-26,31,Augsburg,Leverkusen,1,4,True
2018/19,2019-04-27,31,Dortmund,Schalke 04,2,4,True
2018/19,2019-04-27,31,Ein Frankfurt,Hertha,0,0,True
2018/19,2019-04-27,31,Fortuna Dusseldorf,Werder Bremen,4,1,True
2018/19,2019-04-27,31,Hannover,Mainz,1,0,True
2018/19,2019-04-27,31,RB Leipzig,Freiburg,2,1,True
2018/19,2019-04-27,31,Stuttgart,M'gladbach,1,0,True
2018/19,2019-04-28,31,Hoffenheim,Wolfsburg,1,4,True
2018/19,2019-04-28,31,Nurnberg,Bayern Munich,1,1,True
2018/19,2019-05-03,32,Mainz,RB Leipzig,3,3,True
2018/19,2019-05-04,32,Bayern Munich,Hannover,3,1,True
2018/19,2019-05-04,32,Hertha,Stuttgart,3,1,True
2018/19,2019-05-04,32,M'gladbach,Hoffenheim,2,2,True
2018/19,2019-05-04,32,Werder Bremen,Dortmund,2,2,True
2018/19,2019-05-04,32,Wolfsburg,Nurnberg,2,0,True
2018/19,2019-05-05,32,Freiburg,Fortuna Dusseldorf,1,1,True
2018/19,2019-05-05,32,Leverkusen,Ein Frankfurt,6,1,True
2018/19,2019-05-05,32,Schalke 04,Augsburg,0,0,True
2018/19,2019-05-11,33,Augsburg,Hertha,3,4,True
2018/19,2019-05-11,33,Dortmund,Fortuna Dusseldorf,3,2,True
2018/19,2019-05-11,33,Hannover,Freiburg,3,0,True
2018/19,2019-05-11,33,Hoffenheim,Werder Bremen,0,1,True
2018/19,2019-05-11,33,Leverkusen,Schalke 04,1,1,True
2018/19,2019-05-11,33,Nurnberg,M'gladbach,0,4,True
2018/19,2019-05-11,33,RB Leipzig,Bayern Munich,0,0,True
2018/19,2019-05-11,33,Stuttgart,Wolfsburg,3,0,True
2018/19,2019-05-12,33,Ein Frankfurt,Mainz,0,2,True
2018/19,2019-05-18,34,Bayern Munich,Ein Frankfurt,5,1,True
2018/19,2019-05-18,34,Fortuna Dusseldorf,Hannover,2,1,True
2018/19,2019-05-18,34,Freiburg,Nurnberg,5,1,True
2018/19,2019-05-18,34,Hertha,Leverkusen,1,5,True
2018/19,2019-05-18,34,M'gladbach,Dortmund,0,2,True
2018/19,2019-05-18,34,Mainz,Hoffenheim,4,2,True
2018/19,2019-05-18,34,Schalke 04,Stuttgart,0,0,True
2018/19,2019-05-18,34,Werder Bremen,RB Leipzig,2,1,True
2018/19,2019-05-18,34,Wolfsburg,Augsburg,8,1,True
2019/20,2019-08-16,1,Bayern Munich,Hertha,2,2,True
2019/20,2019-08-17,1,Dortmund,Augsburg,5,1,True
2019/20,2019-08-17,1,Freiburg,Mainz,3,0,True
2019/20,2019-08-17,1,Leverkusen,Paderborn,3,2,True
2019/20,2019-08-17,1,M'gladbach,Schalke 04,0,0,True
2019/20,2019-08-17,1,Werder Bremen,Fortuna Dusseldorf,1,3,True
2019/20,2019-08-17,1,Wolfsburg,FC Koln,2,1,True
2019/20,2019-08-18,1,Ein Frankfurt,Hoffenheim,1,0,True
2019/20,2019-08-18,1,Union Berlin,RB Leipzig,0,4,True
2019/20,2019-08-23,2,FC Koln,Dortmund,1,3,True
2019/20,2019-08-24,2,Augsburg,Union Berlin,1,1,True
2019/20,2019-08-24,2,Fortuna Dusseldorf,Leverkusen,1,3,True
2019/20,2019-08-24,2,Hoffenheim,Werder Bremen,3,2,True
2019/20,2019-08-24,2,Mainz,M'gladbach,1,3,True
2019/20,2019-08-24,2,Paderborn,Freiburg,1,3,True
2019/20,2019-08-24,2,Schalke 04,Bayern Munich,0,3,True
2019/20,2019-08-25,2,Hertha,Wolfsburg,0,3,True
2019/20,2019-08-25,2,RB Leipzig,Ein Frankfurt,2,1,True
2019/20,2019-08-30,3,M'gladbach,RB Leipzig,1,3,True
2019/20,2019-08-31,3,Bayern Munich,Mainz,6,1,True
2019/20,2019-08-31,3,Freiburg,FC Koln,1,2,True
2019/20,2019-08-31,3,Leverkusen,Hoffenheim,0,0,True
2019/20,2019-08-31,3,Schalke 04,Hertha,3,0,True
2019/20,2019-08-31,3,Union Berlin,Dortmund,3,1,True
2019/20,2019-08-31,3,Wolfsburg,Paderborn,1,1,True
2019/20,2019-09-01,3,Ein Frankfurt,Fortuna Dusseldorf,2,1,True
2019/20,2019-09-01,3,Werder Bremen,Augsburg,3,2,True
2019/20,2019-09-13,4,Fortuna Dusseldorf,Wolfsburg,1,1,True
2019/20,2019-09-14,4,Augsburg,Ein Frankfurt,2,1,True
2019/20,2019-09-14,4,Dortmund,Leverkusen,4,0,True
2019/20,2019-09-14,4,FC Koln,M'gladbach,0,1,True
2019/20,2019-09-14,4,Mainz,Hertha,2,1,True
2019/20,2019-09-14,4,RB Leipzig,Bayern Munich,1,1,True
2019/20,2019-09-14,4,Union Berlin,Werder Bremen,1,2,True
2019/20,2019-09-15,4,Hoffenheim,Freiburg,0,3,True
2019/20,2019-09-15,4,Paderborn,Schalke 04,1,5,True
2019/20,2019-09-20,5,Schalke 04,Mainz,2,1,True
2019/20,2019-09-21,5,Bayern Munich,FC Koln,4,0,True
2019/20,2019-09-21,5,Freiburg,Augsburg,1,1,True
2019/20,2019-09-21,5,Hertha,Paderborn,2,1,True
2019/20,2019-09-21,5,Leverkusen,Union Berlin,2,0,True
2019/20,2019-09-21,5,Werder Bremen,RB Leipzig,0,3,True
2019/20,2019-09-22,5,Ein Frankfurt,Dortmund,2,2,True
2019/20,2019-09-22,5,M'gladbach,Fortuna Dusseldorf,2,1,True
2019/20,2019-09-23,5,Wolfsburg,Hoffenheim,1,1,True
2019/20,2019-09-27,6,Union Berlin,Ein Frankfurt,1,2,True
2019/20,2019-09-28,6,Augsburg,Leverkusen,0,3,True
2019/20,2019-09-28,6,Dortmund,Werder Bremen,2,2,True
2019/20,2019-09-28,6,Hoffenheim,M'gladbach,0,3,True
2019/20,2019-09-28,6,Mainz,Wolfsburg,0,1,True
2019/20,2019-09-28,6,Paderborn,Bayern Munich,2,3,True
2019/20,2019-09-28,6,RB Leipzig,Schalke 04,1,3,True
2019/20,2019-09-29,6,FC Koln,Hertha,0,4,True
2019/20,2019-09-29,6,Fortuna Dusseldorf,Freiburg,1,2,True
2019/20,2019-10-04,7,Hertha,Fortuna Dusseldorf,3,1,True
2019/20,2019-10-05,7,Bayern Munich,Hoffenheim,1,2,True
2019/20,2019-10-05,7,Freiburg,Dortmund,2,2,True
2019/20,2019-10-05,7,Leverkusen,RB Leipzig,1,1,True
2019/20,2019-10-05,7,Paderborn,Mainz,1,2,True
2019/20,2019-10-05,7,Schalke 04,FC Koln,1,1,True
2019/20,2019-10-06,7,Ein Frankfurt,Werder Bremen,2,2,True
2019/20,2019-10-06,7,M'gladbach,Augsburg,5,1,True
2019/20,2019-10-06,7,Wolfsburg,Union Berlin,1,0,True
2019/20,2019-10-18,8,Ein Frankfurt,Leverkusen,3,0,True
2019/20,2019-10-19,8,Augsburg,Bayern Munich,2,2,True
2019/20,2019-10-19,8,Dortmund,M'gladbach,1,0,True
2019/20,2019-10-19,8,Fortuna Dusseldorf,Mainz,1,0,True
2019/20,2019-10-19,8,RB Leipzig,Wolfsburg,1,1,True
2019/20,2019-10-19,8,Union Berlin,Freiburg,2,0,True
2019/20,2019-10-19,8,Werder Bremen,Hertha,1,1,True
2019/20,2019-10-20,8,FC Koln,Paderborn,3,0,True
2019/20,2019-10-20,8,Hoffenheim,Schalke 04,2,0,True
2019/20,2019-10-25,9,Mainz,FC Koln,3,1,True
2019/20,2019-10-26,9,Bayern Munich,Union Berlin,2,1,True
2019/20,2019-10-26,9,Freiburg,RB Leipzig,2,1,True
2019/20,2019-10-26,9,Hertha,Hoffenheim,2,3,True
2019/20,2019-10-26,9,Leverkusen,Werder Bremen,2,2,True
2019/20,2019-10-26,9,Paderborn,Fortuna Dusseldorf,2,0,True
2019/20,2019-10-26,9,Schalke 04,Dortmund,0,0,True
2019/20,2019-10-27,9,M'gladbach,Ein Frankfurt,4,2,True
2019/20,2019-10-27,9,Wolfsburg,Augsburg,0,0,True
2019/20,2019-11-01,10,Hoffenheim,Paderborn,3,0,True
2019/20,2019-11-02,10,Dortmund,Wolfsburg,3,0,True
2019/20,2019-11-02,10,Ein Frankfurt,Bayern Munich,5,1,True
2019/20,2019-11-02,10,Leverkusen,M'gladbach,1,2,True
2019/20,2019-11-02,10,RB Leipzig,Mainz,8,0,True
2019/20,2019-11-02,10,Union Berlin,Hertha,1,0,True
2019/20,2019-11-02,10,Werder Bremen,Freiburg,2,2,True
2019/20,2019-11-03,10,Augsburg,Schalke 04,2,3,True
2019/20,2019-11-03,10,Fortuna Dusseldorf,FC Koln,2,0,True
2019/20,2019-11-08,11,FC Koln,Hoffenheim,1,2,True
2019/20,2019-11-09,11,Bayern Munich,Dortmund,4,0,True
2019/20,2019-11-09,11,Hertha,RB Leipzig,2,4,True
2019/20,2019-11-09,11,Mainz,Union Berlin,2,3,True
2019/20,2019-11-09,11,Paderborn,Augsburg,0,1,True
2019/20,2019-11-09,11,Schalke 04,Fortuna Dusseldorf,3,3,True
2019/20,2019-11-10,11,Freiburg,Ein Frankfurt,1,0,True
2019/20,2019-11-10,11,M'gladbach,Werder Bremen,3,1,True
2019/20,2019-11-10,11,Wolfsburg,Leverkusen,0,2,True
2019/20,2019-11-22,12,Dortmund,Paderborn,3,3,True
2019/20,2019-11-23,12,Ein Frankfurt,Wolfsburg,0,2,True
2019/20,2019-11-23,12,Fortuna Dusseldorf,Bayern Munich,0,4,True
2019/20,2019-11-23,12,Leverkusen,Freiburg,1,1,True
2019/20,2019-11-23,12,RB Leipzig,FC Koln,4,1,True
2019/20,2019-11-23,12,Union Berlin,M'gladbach,2,0,True
2019/20,2019-11-23,12,Werder Bremen,Schalke 04,1,2,True
2019/20,2019-11-24,12,Augsburg,Hertha,4,0,True
2019/20,2019-11-24,12,Hoffenheim,Mainz,1,5,True
2019/20,2019-11-29,13,Schalke 04,Union Berlin,2,1,True
2019/20,2019-11-30,13,Bayern Munich,Leverkusen,1,2,True
2019/20,2019-11-30,13,FC Koln,Augsburg,1,1,True
2019/20,2019-11-30,13,Hertha,Dortmund,1,2,True
2019/20,2019-11-30,13,Hoffenheim,Fortuna Dusseldorf,1,1,True
2019/20,2019-11-30,13,Paderborn,RB Leipzig,2,3,True
2019/20,2019-12-01,13,M'gladbach,Freiburg,4,2,True
2019/20,2019-12-01,13,Wolfsburg,Werder Bremen,2,3,True
2019/20,2019-12-02,13,Mainz,Ein Frankfurt,2,1,True
2019/20,2019-12-06,14,Ein Frankfurt,Hertha,2,2,True
2019/20,2019-12-07,14,Augsburg,Mainz,2,1,True
2019/20,2019-12-07,14,Dortmund,Fortuna Dusseldorf,5,0,True
2019/20,2019-12-07,14,Freiburg,Wolfsburg,1,0,True
2019/20,2019-12-07,14,Leverkusen,Schalke 04,2,1,True
2019/20,2019-12-07,14,M'gladbach,Bayern Munich,2,1,True
2019/20,2019-12-07,14,RB Leipzig,Hoffenheim,3,1,True
2019/20,2019-12-08,14,Union Berlin,FC Koln,2,0,True
2019/20,2019-12-08,14,Werder Bremen,Paderborn,0,1,True
2019/20,2019-12-13,15,Hoffenheim,Augsburg,2,4,True
2019/20,2019-12-14,15,Bayern Munich,Werder Bremen,6,1,True
2019/20,2019-12-14,15,FC Koln,Leverkusen,2,0,True
2019/20,2019-12-14,15,Fortuna Dusseldorf,RB Leipzig,0,3,True
2019/20,2019-12-14,15,Hertha,Freiburg,1,0,True
2019/20,2019-12-14,15,Mainz,Dortmund,0,4,True
2019/20,2019-12-14,15,Paderborn,Union Berlin,1,1,True
2019/20,2019-12-15,15,Schalke 04,Ein Frankfurt,1,0,True
2019/20,2019-12-15,15,Wolfsburg,M'gladbach,2,1,True
2019/20,2019-12-17,16,Augsburg,Fortuna Dusseldorf,3,0,True
2019/20,2019-12-17,16,Dortmund,RB Leipzig,3,3,True
2019/20,2019-12-17,16,Union Berlin,Hoffenheim,0,2,True
2019/20,2019-12-17,16,Werder Bremen,Mainz,0,5,True
2019/20,2019-12-18,16,Ein Frankfurt,FC Koln,2,4,True
2019/20,2019-12-18,16,Freiburg,Bayern Munich,1,3,True
2019/20,2019-12-18,16,Leverkusen,Hertha,0,1,True
2019/20,2019-12-18,16,M'gladbach,Paderborn,2,0,True
2019/20,2019-12-18,16,Wolfsburg,Schalke 04,1,1,True
2019/20,2019-12-20,17,Hoffenheim,Dortmund,2,1,True
2019/20,2019-12-21,17,Bayern Munich,Wolfsburg,2,0,True
2019/20,2019-12-21,17,FC Koln,Werder Bremen,1,0,True
2019/20,2019-12-21,17,Hertha,M'gladbach,0,0,True
2019/20,2019-12-21,17,Mainz,Leverkusen,0,1,True
2019/20,2019-12-21,17,RB Leipzig,Augsburg,3,1,True
2019/20,2019-12-21,17,Schalke 04,Freiburg,2,2,True
2019/20,2019-12-22,17,Fortuna Dusseldorf,Union Berlin,2,1,True
2019/20,2019-12-22,17,Paderborn,Ein Frankfurt,2,1,True
2019/20,2020-01-17,18,Schalke 04,M'gladbach,2,0,True
2019/20,2020-01-18,18,Augsburg,Dortmund,3,5,True
2019/20,2020-01-18,18,FC Koln,Wolfsburg,3,1,True
2019/20,2020-01-18,18,Fortuna Dusseldorf,Werder Bremen,0,1,True
2019/20,2020-01-18,18,Hoffenheim,Ein Frankfurt,1,2,True
2019/20,2020-01-18,18,Mainz,Freiburg,1,2,True
2019/20,2020-01-18,18,RB Leipzig,Union Berlin,3,1,True
2019/20,2020-01-19,18,Hertha,Bayern Munich,0,4,True
2019/20,2020-01-19,18,Paderborn,Leverkusen,1,4,True
2019/20,2020-01-24,19,Dortmund,FC Koln,5,1,True
2019/20,2020-01-25,19,Bayern Munich,Schalke 04,5,0,True
2019/20,2020-01-25,19,Ein Frankfurt,RB Leipzig,2,0,True
2019/20,2020-01-25,19,Freiburg,Paderborn,0,2,True
2019/20,2020-01-25,19,M'gladbach,Mainz,3,1,True
2019/20,2020-01-25,19,Union Berlin,Augsburg,2,0,True
2019/20,2020-01-25,19,Wolfsburg,Hertha,1,2,True
2019/20,2020-01-26,19,Leverkusen,Fortuna Dusseldorf,3,0,True
2019/20,2020-01-26,19,Werder Bremen,Hoffenheim,0,3,True
2019/20,2020-01-31,20,Hertha,Schalke 04,0,0,True
2019/20,2020-02-01,20,Augsburg,Werder Bremen,2,1,True
2019/20,2020-02-01,20,Dortmund,Union Berlin,5,0,True
2019/20,2020-02-01,20,Fortuna Dusseldorf,Ein Frankfurt,1,1,True
2019/20,2020-02-01,20,Hoffenheim,Leverkusen,2,1,True
2019/20,2020-02-01,20,Mainz,Bayern Munich,1,3,True
2019/20,2020-02-01,20,RB Leipzig,M'gladbach,2,2,True
2019/20,2020-02-02,20,FC Koln,Freiburg,4,0,True
2019/20,2020-02-02,20,Paderborn,Wolfsburg,2,4,True
2019/20,2020-02-07,21,Ein Frankfurt,Augsburg,5,0,True
2019/20,2020-02-08,21,Freiburg,Hoffenheim,1,0,True
2019/20,2020-02-08,21,Hertha,Mainz,1,3,True
2019/20,2020-02-08,21,Leverkusen,Dortmund,4,3,True
2019/20,2020-02-08,21,Schalke 04,Paderborn,1,1,True
2019/20,2020-02-08,21,Werder Bremen,Union Berlin,0,2,True
2019/20,2020-02-08,21,Wolfsburg,Fortuna Dusseldorf,1,1,True
2019/20,2020-02-09,21,Bayern Munich,RB Leipzig,0,0,True
2019/20,2020-02-14,22,Dortmund,Ein Frankfurt,4,0,True
2019/20,2020-02-15,22,Augsburg,Freiburg,1,1,True
2019/20,2020-02-15,22,Fortuna Dusseldorf,M'gladbach,1,4,True
2019/20,2020-02-15,22,Hoffenheim,Wolfsburg,2,3,True
2019/20,2020-02-15,22,Paderborn,Hertha,1,2,True
2019/20,2020-02-15,22,RB Leipzig,Werder Bremen,3,0,True
2019/20,2020-02-15,22,Union Berlin,Leverkusen,2,3,True
2019/20,2020-02-16,22,FC Koln,Bayern Munich,1,4,True
2019/20,2020-02-16,22,Mainz,Schalke 04,0,0,True
2019/20,2020-02-21,23,Bayern Munich,Paderborn,3,2,True
2019/20,2020-02-22,23,Freiburg,Fortuna Dusseldorf,0,2,True
2019/20,2020-02-22,23,Hertha,FC Koln,0,5,True
2019/20,2020-02-22,23,M'gladbach,Hoffenheim,1,1,True
2019/20,2020-02-22,23,Schalke 04,RB Leipzig,0,5,True
2019/20,2020-02-22,23,Werder Bremen,Dortmund,0,2,True
2019/20,2020-02-23,23,Leverkusen,Augsburg,2,0,True
2019/20,2020-02-23,23,Wolfsburg,Mainz,4,0,True
2019/20,2020-02-24,23,Ein Frankfurt,Union Berlin,1,2,True
2019/20,2020-02-28,24,Fortuna Dusseldorf,Hertha,3,3,True
2019/20,2020-02-29,24,Augsburg,M'gladbach,2,3,True
2019/20,2020-02-29,24,Dortmund,Freiburg,1,0,True
2019/20,2020-02-29,24,FC Koln,Schalke 04,3,0,True
2019/20,2020-02-29,24,Hoffenheim,Bayern Munich,0,6,True
2019/20,2020-02-29,24,Mainz,Paderborn,2,0,True
2019/20,2020-03-01,24,RB Leipzig,Leverkusen,1,1,True
2019/20,2020-03-01,24,Union Berlin,Wolfsburg,2,2,True
2019/20,2020-03-06,25,Paderborn,FC Koln,1,2,True
2019/20,2020-03-07,25,Freiburg,Union Berlin,3,1,True
2019/20,2020-03-07,25,Hertha,Werder Bremen,2,2,True
2019/20,2020-03-07,25,Leverkusen,Ein Frankfurt,4,0,True
2019/20,2020-03-07,25,M'gladbach,Dortmund,1,2,True
2019/20,2020-03-07,25,Schalke 04,Hoffenheim,1,1,True
2019/20,2020-03-07,25,Wolfsburg,RB Leipzig,0,0,True
2019/20,2020-03-08,25,Bayern Munich,Augsburg,2,0,True
2019/20,2020-03-08,25,Mainz,Fortuna Dusseldorf,1,1,True
2019/20,2020-03-11,21,M'gladbach,FC Koln,2,1,True
2019/20,2020-05-16,26,Augsburg,Wolfsburg,1,2,True
2019/20,2020-05-16,26,Dortmund,Schalke 04,4,0,True
2019/20,2020-05-16,26,Ein Frankfurt,M'gladbach,1,3,True
2019/20,2020-05-16,26,Fortuna Dusseldorf,Paderborn,0,0,True
2019/20,2020-05-16,26,Hoffenheim,Hertha,0,3,True
2019/20,2020-05-16,26,RB Leipzig,Freiburg,1,1,True
2019/20,2020-05-17,26,FC Koln,Mainz,2,2,True
2019/20,2020-05-17,26,Union Berlin,Bayern Munich,0,2,True
2019/20,2020-05-18,26,Werder Bremen,Leverkusen,1,4,True
2019/20,2020-05-22,27,Hertha,Union Berlin,4,0,True
2019/20,2020-05-23,27,Bayern Munich,Ein Frankfurt,5,2,True
2019/20,2020-05-23,27,Freiburg,Werder Bremen,0,1,True
2019/20,2020-05-23,27,M'gladbach,Leverkusen,1,3,True
2019/20,2020-05-23,27,Paderborn,Hoffenheim,1,1,True
2019/20,2020-05-23,27,Wolfsburg,Dortmund,0,2,True
2019/20,2020-05-24,27,FC Koln,Fortuna Dusseldorf,2,2,True
2019/20,2020-05-24,27,Mainz,RB Leipzig,0,5,True
2019/20,2020-05-24,27,Schalke 04,Augsburg,0,3,True
2019/20,2020-05-26,28,Dortmund,Bayern Munich,0,1,True
2019/20,2020-05-26,28,Ein Frankfurt,Freiburg,3,3,True
2019/20,2020-05-26,28,Leverkusen,Wolfsburg,1,4,True
2019/20,2020-05-26,28,Werder Bremen,M'gladbach,0,0,True
2019/20,2020-05-27,28,Augsburg,Paderborn,0,0,True
2019/20,2020-05-27,28,Fortuna Dusseldorf,Schalke 04,2,1,True
2019/20,2020-05-27,28,Hoffenheim,FC Koln,3,1,True
2019/20,2020-05-27,28,RB Leipzig,Hertha,2,2,True
2019/20,2020-05-27,28,Union Berlin,Mainz,1,1,True
2019/20,2020-05-29,29,Freiburg,Leverkusen,0,1,True
2019/20,2020-05-30,29,Bayern Munich,Fortuna Dusseldorf,5,0,True
2019/20,2020-05-30,29,Hertha,Augsburg,2,0,True
2019/20,2020-05-30,29,Mainz,Hoffenheim,0,1,True
2019/20,2020-05-30,29,Schalke 04,Werder Bremen,0,1,True
2019/20,2020-05-30,29,Wolfsburg,Ein Frankfurt,1,2,True
2019/20,2020-05-31,29,M'gladbach,Union Berlin,4,1,True
2019/20,2020-05-31,29,Paderborn,Dortmund,1,6,True
2019/20,2020-06-01,29,FC Koln,RB Leipzig,2,4,True
2019/20,2020-06-03,24,Werder Bremen,Ein Frankfurt,0,3,True
2019/20,2020-06-05,30,Freiburg,M'gladbach,1,0,True
2019/20,2020-06-06,30,Dortmund,Hertha,1,0,True
2019/20,2020-06-06,30,Ein Frankfurt,Mainz,0,2,True
2019/20,2020-06-06,30,Fortuna Dusseldorf,Hoffenheim,2,2,True
2019/20,2020-06-06,30,Leverkusen,Bayern Munich,2,4,True
2019/20,2020-06-06,30,RB Leipzig,Paderborn,1,1,True
2019/20,2020-06-07,30,Augsburg,FC Koln,1,1,True
2019/20,2020-06-07,30,Union Berlin,Schalke 04,1,1,True
2019/20,2020-06-07,30,Werder Bremen,Wolfsburg,0,1,True
2019/20,2020-06-12,31,Hoffenheim,RB Leipzig,0,2,True
2019/20,2020-06-13,31,Bayern Munich,M'gladbach,2,1,True
2019/20,2020-06-13,31,FC Koln,Union Berlin,1,2,True
2019/20,2020-06-13,31,Fortuna Dusseldorf,Dortmund,0,1,True
2019/20,2020-06-13,31,Hertha,Ein Frankfurt,1,4,True
2019/20,2020-06-13,31,Paderborn,Werder Bremen,1,5,True
2019/20,2020-06-13,31,Wolfsburg,Freiburg,2,2,True
2019/20,2020-06-14,31,Mainz,Augsburg,0,1,True
2019/20,2020-06-14,31,Schalke 04,Leverkusen,1,1,True
2019/20,2020-06-16,32,Freiburg,Hertha,2,1,True
2019/20,2020-06-16,32,M'gladbach,Wolfsburg,3,0,True
2019/20,2020-06-16,32,Union Berlin,Paderborn,1,0,True
2019/20,2020-06-16,32,Werder Bremen,Bayern Munich,0,1,True
2019/20,2020-06-17,32,Augsburg,Hoffenheim,1,3,True
2019/20,2020-06-17,32,Dortmund,Mainz,0,2,True
2019/20,2020-06-17,32,Ein Frankfurt,Schalke 04,2,1,True
2019/20,2020-06-17,32,Leverkusen,FC Koln,3,1,True
2019/20,2020-06-17,32,RB Leipzig,Fortuna Dusseldorf,2,2,True
2019/20,2020-06-20,33,Bayern Munich,Freiburg,3,1,True
2019/20,2020-06-20,33,FC Koln,Ein Frankfurt,1,1,True
2019/20,2020-06-20,33,Fortuna Dusseldorf,Augsburg,1,1,True
2019/20,2020-06-20,33,Hertha,Leverkusen,2,0,True
2019/20,2020-06-20,33,Hoffenheim,Union Berlin,4,0,True
2019/20,2020-06-20,33,Mainz,Werder Bremen,3,1,True
2019/20,2020-06-20,33,Paderborn,M'gladbach,1,3,True
2019/20,2020-06-20,33,RB Leipzig,Dortmund,0,2,True
2019/20,2020-06-20,33,Schalke 04,Wolfsburg,1,4,True
2019/20,2020-06-27,34,Augsburg,RB Leipzig,1,2,True
2019/20,2020-06-27,34,Dortmund,Hoffenheim,0,4,True
2019/20,2020-06-27,34,Ein Frankfurt,Paderborn,3,2,True
2019/20,2020-06-27,34,Freiburg,Schalke 04,4,0,True
2019/20,2020-06-27,34,Leverkusen,Mainz,1,0,True
2019/20,2020-06-27,34,M'gladbach,Hertha,2,1,True
2019/20,2020-06-27,34,Union Berlin,Fortuna Dusseldorf,3,0,True
2019/20,2020-06-27,34,Werder Bremen,FC Koln,6,1,True
2019/20,2020-06-27,34,Wolfsburg,Bayern Munich,0,4,True
2020/21,2020-09-18,1,Bayern Munich,Schalke 04,8,0,True
2020/21,2020-09-19,1,Dortmund,M'gladbach,3,0,True
2020/21,2020-09-19,1,Ein Frankfurt,Bielefeld,1,1,True
2020/21,2020-09-19,1,FC Koln,Hoffenheim,2,3,True
2020/21,2020-09-19,1,Stuttgart,Freiburg,2,3,True
2020/21,2020-09-19,1,Union Berlin,Augsburg,1,3,True
2020/21,2020-09-19,1,Werder Bremen,Hertha,1,4,True
2020/21,2020-09-20,1,RB Leipzig,Mainz,3,1,True
2020/21,2020-09-20,1,Wolfsburg,Leverkusen,0,0,True
2020/21,2020-09-25,2,Hertha,Ein Frankfurt,1,3,True
2020/21,2020-09-26,2,Augsburg,Dortmund,2,0,True
2020/21,2020-09-26,2,Bielefeld,FC Koln,1,0,True
2020/21,2020-09-26,2,Leverkusen,RB Leipzig,1,1,True
2020/21,2020-09-26,2,M'gladbach,Union Berlin,1,1,True
2020/21,2020-09-26,2,Mainz,Stuttgart,1,4,True
2020/21,2020-09-26,2,Schalke 04,Werder Bremen,1,3,True
2020/21,2020-09-27,2,Freiburg,Wolfsburg,1,1,True
2020/21,2020-09-27,2,Hoffenheim,Bayern Munich,4,1,True
2020/21,2020-10-02,3,Union Berlin,Mainz,4,0,True
2020/21,2020-10-03,3,Dortmund,Freiburg,4,0,True
2020/21,2020-10-03,3,Ein Frankfurt,Hoffenheim,2,1,True
2020/21,2020-10-03,3,FC Koln,M'gladbach,1,3,True
2020/21,2020-10-03,3,RB Leipzig,Schalke 04,4,0,True
2020/21,2020-10-03,3,Stuttgart,Leverkusen,1,1,True
2020/21,2020-10-03,3,Werder Bremen,Bielefeld,1,0,True
2020/21,2020-10-04,3,Bayern Munich,Hertha,4,3,True
2020/21,2020-10-04,3,Wolfsburg,Augsburg,0,0,True
2020/21,2020-10-17,4,Augsburg,RB Leipzig,0,2,True
2020/21,2020-10-17,4,Bielefeld,Bayern Munich,1,4,True
2020/21,2020-10-17,4,Freiburg,Werder Bremen,1,1,True
2020/21,2020-10-17,4,Hertha,Stuttgart,0,2,True
2020/21,2020-10-17,4,Hoffenheim,Dortmund,0,1,True
2020/21,2020-10-17,4,M'gladbach,Wolfsburg,1,1,True
2020/21,2020-10-17,4,Mainz,Leverkusen,0,1,True
2020/21,2020-10-18,4,FC Koln,Ein Frankfurt,1,1,True
2020/21,2020-10-18,4,Schalke 04,Union Berlin,1,1,True
2020/21,2020-10-23,5,Stuttgart,FC Koln,1,1,True
2020/21,2020-10-24,5,Bayern Munich,Ein Frankfurt,5,0,True
2020/21,2020-10-24,5,Dortmund,Schalke 04,3,0,True
2020/21,2020-10-24,5,Mainz,M'gladbach,2,3,True
2020/21,2020-10-24,5,RB Leipzig,Hertha,2,1,True
2020/21,2020-10-24,5,Union Berlin,Freiburg,1,1,True
2020/21,2020-10-25,5,Werder Bremen,Hoffenheim,1,1,True
2020/21,2020-10-25,5,Wolfsburg,Bielefeld,2,1,True
2020/21,2020-10-26,5,Leverkusen,Augsburg,3,1,True
2020/21,2020-10-30,6,Schalke 04,Stuttgart,1,1,True
2020/21,2020-10-31,6,Augsburg,Mainz,3,1,True
2020/21,2020-10-31,6,Bielefeld,Dortmund,0,2,True
2020/21,2020-10-31,6,Ein Frankfurt,Werder Bremen,1,1,True
2020/21,2020-10-31,6,FC Koln,Bayern Munich,1,2,True
2020/21,2020-10-31,6,M'gladbach,RB Leipzig,1,0,True
2020/21,2020-11-01,6,Freiburg,Leverkusen,2,4,True
2020/21,2020-11-01,6,Hertha,Wolfsburg,1,1,True
2020/21,2020-11-02,6,Hoffenheim,Union Berlin,1,3,True
2020/21,2020-11-06,7,Werder Bremen,FC Koln,1,1,True
2020/21,2020-11-07,7,Augsburg,Hertha,0,3,True
2020/21,2020-11-07,7,Dortmund,Bayern Munich,2,3,True
2020/21,2020-11-07,7,Mainz,Schalke 04,2,2,True
2020/21,2020-11-07,7,RB Leipzig,Freiburg,3,0,True
2020/21,2020-11-07,7,Stuttgart,Ein Frankfurt,2,2,True
2020/21,2020-11-07,7,Union Berlin,Bielefeld,5,0,True
2020/21,2020-11-08,7,Leverkusen,M'gladbach,4,3,True
2020/21,2020-11-08,7,Wolfsburg,Hoffenheim,2,1,True
2020/21,2020-11-21,8,Bayern Munich,Werder Bremen,1,1,True
2020/21,2020-11-21,8,Bielefeld,Leverkusen,1,2,True
2020/21,2020-11-21,8,Ein Frankfurt,RB Leipzig,1,1,True
2020/21,2020-11-21,8,Hertha,Dortmund,2,5,True
2020/21,2020-11-21,8,Hoffenheim,Stuttgart,3,3,True
2020/21,2020-11-21,8,M'gladbach,Augsburg,1,1,True
2020/21,2020-11-21,8,Schalke 04,Wolfsburg,0,2,True
2020/21,2020-11-22,8,FC Koln,Union Berlin,1,2,True
2020/21,2020-11-22,8,Freiburg,Mainz,1,3,True
2020/21,2020-11-27,9,Wolfsburg,Werder Bremen,5,3,True
2020/21,2020-11-28,9,Augsburg,Freiburg,1,1,True
2020/21,2020-11-28,9,Dortmund,FC Koln,1,2,True
2020/21,2020-11-28,9,M'gladbach,Schalke 04,4,1,True
2020/21,2020-11-28,9,RB Leipzig,Bielefeld,2,1,True
2020/21,2020-11-28,9,Stuttgart,Bayern Munich,1,3,True
2020/21,2020-11-28,9,Union Berlin,Ein Frankfurt,3,3,True
2020/21,2020-11-29,9,Leverkusen,Hertha,0,0,True
2020/21,2020-11-29,9,Mainz,Hoffenheim,1,1,True
2020/21,2020-12-04,10,Hertha,Union Berlin,3,1,True
2020/21,2020-12-05,10,Bayern Munich,RB Leipzig,3,3,True
2020/21,2020-12-05,10,Bielefeld,Mainz,2,1,True
2020/21,2020-12-05,10,Ein Frankfurt,Dortmund,1,1,True
2020/21,2020-12-05,10,FC Koln,Wolfsburg,2,2,True
2020/21,2020-12-05,10,Freiburg,M'gladbach,2,2,True
2020/21,2020-12-06,10,Schalke 04,Leverkusen,0,3,True
2020/21,2020-12-06,10,Werder Bremen,Stuttgart,1,2,True
2020/21,2020-12-07,10,Hoffenheim,Augsburg,3,1,True
2020/21,2020-12-11,11,Wolfsburg,Ein Frankfurt,2,1,True
2020/21,2020-12-12,11,Dortmund,Stuttgart,1,5,True
2020/21,2020-12-12,11,Freiburg,Bielefeld,2,0,True
2020/21,2020-12-12,11,M'gladbach,Hertha,1,1,True
2020/21,2020-12-12,11,Mainz,FC Koln,0,1,True
2020/21,2020-12-12,11,RB Leipzig,Werder Bremen,2,0,True
2020/21,2020-12-12,11,Union Berlin,Bayern Munich,1,1,True
2020/21,2020-12-13,11,Augsburg,Schalke 04,2,2,True
2020/21,2020-12-13,11,Leverkusen,Hoffenheim,4,1,True
2020/21,2020-12-15,12,Ein Frankfurt,M'gladbach,3,3,True
2020/21,2020-12-15,12,Hertha,Mainz,0,0,True
2020/21,2020-12-15,12,Stuttgart,Union Berlin,2,2,True
2020/21,2020-12-15,12,Werder Bremen,Dortmund,1,2,True
2020/21,2020-12-16,12,Bayern Munich,Wolfsburg,2,1,True
2020/21,2020-12-16,12,Bielefeld,Augsburg,0,1,True
2020/21,2020-12-16,12,FC Koln,Leverkusen,0,4,True
2020/21,2020-12-16,12,Hoffenheim,RB Leipzig,0,1,True
2020/21,2020-12-16,12,Schalke 04,Freiburg,0,2,True
2020/21,2020-12-18,13,Union Berlin,Dortmund,2,1,True
2020/21,2020-12-19,13,Augsburg,Ein Frankfurt,0,2,True
2020/21,2020-12-19,13,Leverkusen,Bayern Munich,1,2,True
2020/21,2020-12-19,13,M'gladbach,Hoffenheim,1,2,True
2020/21,2020-12-19,13,Mainz,Werder Bremen,0,1,True
2020/21,2020-12-19,13,RB Leipzig,FC Koln,0,0,True
2020/21,2020-12-19,13,Schalke 04,Bielefeld,0,1,True
2020/21,2020-12-20,13,Freiburg,Hertha,4,1,True
2020/21,2020-12-20,13,Wolfsburg,Stuttgart,1,0,True
2020/21,2021-01-02,14,Bielefeld,M'gladbach,0,1,True
2020/21,2021-01-02,14,Ein Frankfurt,Leverkusen,2,1,True
2020/21,2021-01-02,14,FC Koln,Augsburg,0,1,True
2020/21,2021-01-02,14,Hertha,Schalke 04,3,0,True
2020/21,2021-01-02,14,Hoffenheim,Freiburg,1,3,True
2020/21,2021-01-02,14,Stuttgart,RB Leipzig,0,1,True
2020/21,2021-01-02,14,Werder Bremen,Union Berlin,0,2,True
2020/21,2021-01-03,14,Bayern Munich,Mainz,5,2,True
2020/21,2021-01-03,14,Dortmund,Wolfsburg,2,0,True
2020/21,2021-01-08,15,M'gladbach,Bayern Munich,3,2,True
2020/21,2021-01-09,15,Freiburg,FC Koln,5,0,True
2020/21,2021-01-09,15,Leverkusen,Werder Bremen,1,1,True
2020/21,2021-01-09,15,Mainz,Ein Frankfurt,0,2,True
2020/21,2021-01-09,15,RB Leipzig,Dortmund,1,3,True
2020/21,2021-01-09,15,Schalke 04,Hoffenheim,4,0,True
2020/21,2021-01-09,15,Union Berlin,Wolfsburg,2,2,True
2020/21,2021-01-10,15,Augsburg,Stuttgart,1,4,True
2020/21,2021-01-10,15,Bielefeld,Hertha,1,0,True
2020/21,2021-01-15,16,Union Berlin,Leverkusen,1,0,True
2020/21,2021-01-16,16,Dortmund,Mainz,1,1,True
2020/21,2021-01-16,16,FC Koln,Hertha,0,0,True
2020/21,2021-01-16,16,Hoffenheim,Bielefeld,0,0,True
2020/21,2021-01-16,16,Stuttgart,M'gladbach,2,2,True
2020/21,2021-01-16,16,Werder Bremen,Augsburg,2,0,True
2020/21,2021-01-16,16,Wolfsburg,RB Leipzig,2,2,True
2020/21,2021-01-17,16,Bayern Munich,Freiburg,2,1,True
2020/21,2021-01-17,16,Ein Frankfurt,Schalke 04,3,1,True
2020/21,2021-01-19,17,Hertha,Hoffenheim,0,3,True
2020/21,2021-01-19,17,Leverkusen,Dortmund,2,1,True
2020/21,2021-01-19,17,M'gladbach,Werder Bremen,1,0,True
2020/21,2021-01-19,17,Mainz,Wolfsburg,0,2,True
2020/21,2021-01-20,17,Augsburg,Bayern Munich,0,1,True
2020/21,2021-01-20,17,Bielefeld,Stuttgart,3,0,True
2020/21,2021-01-20,17,Freiburg,Ein Frankfurt,2,2,True
2020/21,2021-01-20,17,RB Leipzig,Union Berlin,1,0,True
2020/21,2021-01-20,17,Schalke 04,FC Koln,1,2,True
2020/21,2021-01-22,18,M'gladbach,Dortmund,4,2,True
2020/21,2021-01-23,18,Augsburg,Union Berlin,2,1,True
2020/21,2021-01-23,18,Bielefeld,Ein Frankfurt,1,5,True
2020/21,2021-01-23,18,Freiburg,Stuttgart,2,1,True
2020/21,2021-01-23,18,Hertha,Werder Bremen,1,4,True
2020/21,2021-01-23,18,Leverkusen,Wolfsburg,0,1,True
2020/21,2021-01-23,18,Mainz,RB Leipzig,3,2,True
2020/21,2021-01-24,18,Hoffenheim,FC Koln,3,0,True
2020/21,2021-01-24,18,Schalke 04,Bayern Munich,0,4,True
2020/21,2021-01-29,19,Stuttgart,Mainz,2,0,True
2020/21,2021-01-30,19,Bayern Munich,Hoffenheim,4,1,True
2020/21,2021-01-30,19,Dortmund,Augsburg,3,1,True
2020/21,2021-01-30,19,Ein Frankfurt,Hertha,3,1,True
2020/21,2021-01-30,19,RB Leipzig,Leverkusen,1,0,True
2020/21,2021-01-30,19,Union Berlin,M'gladbach,1,1,True
2020/21,2021-01-30,19,Werder Bremen,Schalke 04,1,1,True
2020/21,2021-01-31,19,FC Koln,Bielefeld,3,1,True
2020/21,2021-01-31,19,Wolfsburg,Freiburg,3,0,True
2020/21,2021-02-05,20,Hertha,Bayern Munich,0,1,True
2020/21,2021-02-06,20,Augsburg,Wolfsburg,0,2,True
2020/21,2021-02-06,20,Freiburg,Dortmund,2,1,True
2020/21,2021-02-06,20,Leverkusen,Stuttgart,5,2,True
2020/21,2021-02-06,20,M'gladbach,FC Koln,1,2,True
2020/21,2021-02-06,20,Mainz,Union Berlin,1,0,True
2020/21,2021-02-06,20,Schalke 04,RB Leipzig,0,3,True
2020/21,2021-02-07,20,Hoffenheim,Ein Frankfurt,1,3,True
2020/21,2021-02-12,21,RB Leipzig,Augsburg,2,1,True
2020/21,2021-02-13,21,Dortmund,Hoffenheim,2,2,True
2020/21,2021-02-13,21,Leverkusen,Mainz,2,2,True
2020/21,2021-02-13,21,Stuttgart,Hertha,1,1,True
2020/21,2021-02-13,21,Union Berlin,Schalke 04,0,0,True
2020/21,2021-02-13,21,Werder Bremen,Freiburg,0,0,True
2020/21,2021-02-14,21,Ein Frankfurt,FC Koln,2,0,True
2020/21,2021-02-14,21,Wolfsburg,M'gladbach,0,0,True
2020/21,2021-02-15,21,Bayern Munich,Bielefeld,3,3,True
2020/21,2021-02-19,22,Bielefeld,Wolfsburg,0,3,True
2020/21,2021-02-20,22,Ein Frankfurt,Bayern Munich,2,1,True
2020/21,2021-02-20,22,FC Koln,Stuttgart,0,1,True
2020/21,2021-02-20,22,Freiburg,Union Berlin,0,1,True
2020/21,2021-02-20,22,M'gladbach,Mainz,1,2,True
2020/21,2021-02-20,22,Schalke 04,Dortmund,0,4,True
2020/21,2021-02-21,22,Augsburg,Leverkusen,1,1,True
2020/21,2021-02-21,22,Hertha,RB Leipzig,0,3,True
2020/21,2021-02-21,22,Hoffenheim,Werder Bremen,4,0,True
2020/21,2021-02-26,23,Werder Bremen,Ein Frankfurt,2,1,True
2020/21,2021-02-27,23,Bayern Munich,FC Koln,5,1,True
2020/21,2021-02-27,23,Dortmund,Bielefeld,3,0,True
2020/21,2021-02-27,23,RB Leipzig,M'gladbach,3,2,True
2020/21,2021-02-27,23,Stuttgart,Schalke 04,5,1,True
2020/21,2021-02-27,23,Wolfsburg,Hertha,2,0,True
2020/21,2021-02-28,23,Leverkusen,Freiburg,1,2,True
2020/21,2021-02-28,23,Mainz,Augsburg,0,1,True
2020/21,2021-02-28,23,Union Berlin,Hoffenheim,1,1,True
2020/21,2021-03-05,24,Schalke 04,Mainz,0,0,True
2020/21,2021-03-06,24,Bayern Munich,Dortmund,4,2,True
2020/21,2021-03-06,24,Ein Frankfurt,Stuttgart,1,1,True
2020/21,2021-03-06,24,Freiburg,RB Leipzig,0,3,True
2020/21,2021-03-06,24,Hertha,Augsburg,2,1,True
2020/21,2021-03-06,24,Hoffenheim,Wolfsburg,2,1,True
2020/21,2021-03-06,24,M'gladbach,Leverkusen,0,1,True
2020/21,2021-03-07,24,Bielefeld,Union Berlin,0,0,True
2020/21,2021-03-07,24,FC Koln,Werder Bremen,1,1,True
2020/21,2021-03-10,20,Bielefeld,Werder Bremen,0,2,True
2020/21,2021-03-12,25,Augsburg,M'gladbach,3,1,True
2020/21,2021-03-13,25,Dortmund,Hertha,2,0,True
2020/21,2021-03-13,25,Mainz,Freiburg,1,0,True
2020/21,2021-03-13,25,Union Berlin,FC Koln,2,1,True
2020/21,2021-03-13,25,Werder Bremen,Bayern Munich,1,3,True
2020/21,2021-03-13,25,Wolfsburg,Schalke 04,5,0,True
2020/21,2021-03-14,25,Leverkusen,Bielefeld,1,2,True
2020/21,2021-03-14,25,RB Leipzig,Ein Frankfurt,1,1,True
2020/21,2021-03-14,25,Stuttgart,Hoffenheim,2,0,True
2020/21,2021-03-19,26,Bielefeld,RB Leipzig,0,1,True
2020/21,2021-03-20,26,Bayern Munich,Stuttgart,4,0,True
2020/21,2021-03-20,26,Ein Frankfurt,Union Berlin,5,2,True
2020/21,2021-03-20,26,FC Koln,Dortmund,2,2,True
2020/21,2021-03-20,26,Schalke 04,M'gladbach,0,3,True
2020/21,2021-03-20,26,Werder Bremen,Wolfsburg,1,2,True
2020/21,2021-03-21,26,Freiburg,Augsburg,2,0,True
2020/21,2021-03-21,26,Hertha,Leverkusen,3,0,True
2020/21,2021-03-21,26,Hoffenheim,Mainz,1,2,True
2020/21,2021-04-03,27,Augsburg,Hoffenheim,2,1,True
2020/21,2021-04-03,27,Dortmund,Ein Frankfurt,1,2,True
2020/21,2021-04-03,27,Leverkusen,Schalke 04,2,1,True
2020/21,2021-04-03,27,M'gladbach,Freiburg,2,1,True
2020/21,2021-04-03,27,Mainz,Bielefeld,1,1,True
2020/21,2021-04-03,27,RB Leipzig,Bayern Munich,0,1,True
2020/21,2021-04-03,27,Wolfsburg,FC Koln,1,0,True
2020/21,2021-04-04,27,Stuttgart,Werder Bremen,1,0,True
2020/21,2021-04-04,27,Union Berlin,Hertha,1,1,True
2020/21,2021-04-09,28,Bielefeld,Freiburg,1,0,True
2020/21,2021-04-10,28,Bayern Munich,Union Berlin,1,1,True
2020/21,2021-04-10,28,Ein Frankfurt,Wolfsburg,4,3,True
2020/21,2021-04-10,28,Hertha,M'gladbach,2,2,True
2020/21,2021-04-10,28,Stuttgart,Dortmund,2,3,True
2020/21,2021-04-10,28,Werder Bremen,RB Leipzig,1,4,True
2020/21,2021-04-11,28,FC Koln,Mainz,2,3,True
2020/21,2021-04-11,28,Schalke 04,Augsburg,1,0,True
2020/21,2021-04-12,28,Hoffenheim,Leverkusen,0,0,True
2020/21,2021-04-16,29,RB Leipzig,Hoffenheim,0,0,True
2020/21,2021-04-17,29,Augsburg,Bielefeld,0,0,True
2020/21,2021-04-17,29,Freiburg,Schalke 04,4,0,True
2020/21,2021-04-17,29,Leverkusen,FC Koln,3,0,True
2020/21,2021-04-17,29,M'gladbach,Ein Frankfurt,4,0,True
2020/21,2021-04-17,29,Union Berlin,Stuttgart,2,1,True
2020/21,2021-04-17,29,Wolfsburg,Bayern Munich,2,3,True
2020/21,2021-04-18,29,Dortmund,Werder Bremen,4,1,True
2020/21,2021-04-20,30,Bayern Munich,Leverkusen,2,0,True
2020/21,2021-04-20,30,Bielefeld,Schalke 04,1,0,True
2020/21,2021-04-20,30,Ein Frankfurt,Augsburg,2,0,True
2020/21,2021-04-20,30,FC Koln,RB Leipzig,2,1,True
2020/21,2021-04-21,30,Dortmund,Union Berlin,2,0,True
2020/21,2021-04-21,30,Hoffenheim,M'gladbach,3,2,True
2020/21,2021-04-21,30,Stuttgart,Wolfsburg,1,3,True
2020/21,2021-04-21,30,Werder Bremen,Mainz,0,1,True
2020/21,2021-04-23,31,Augsburg,FC Koln,2,3,True
2020/21,2021-04-24,31,Freiburg,Hoffenheim,1,1,True
2020/21,2021-04-24,31,Leverkusen,Ein Frankfurt,3,1,True
2020/21,2021-04-24,31,Mainz,Bayern Munich,2,1,True
2020/21,2021-04-24,31,Union Berlin,Werder Bremen,3,1,True
2020/21,2021-04-24,31,Wolfsburg,Dortmund,0,2,True
2020/21,2021-04-25,31,M'gladbach,Bielefeld,5,0,True
2020/21,2021-04-25,31,RB Leipzig,Stuttgart,2,0,True
2020/21,2021-05-03,29,Mainz,Hertha,1,1,True
2020/21,2021-05-06,30,Hertha,Freiburg,3,0,True
2020/21,2021-05-07,32,Stuttgart,Augsburg,2,1,True
2020/21,2021-05-08,32,Bayern Munich,M'gladbach,6,0,True
2020/21,2021-05-08,32,Dortmund,RB Leipzig,3,2,True
2020/21,2021-05-08,32,Hoffenheim,Schalke 04,4,2,True
2020/21,2021-05-08,32,Werder Bremen,Leverkusen,0,0,True
2020/21,2021-05-08,32,Wolfsburg,Union Berlin,3,0,True
2020/21,2021-05-09,32,Ein Frankfurt,Mainz,1,1,True
2020/21,2021-05-09,32,FC Koln,Freiburg,1,4,True
2020/21,2021-05-09,32,Hertha,Bielefeld,0,0,True
2020/21,2021-05-12,31,Schalke 04,Hertha,1,2,True
2020/21,2021-05-15,33,Augsburg,Werder Bremen,2,0,True
2020/21,2021-05-15,33,Bielefeld,Hoffenheim,1,1,True
2020/21,2021-05-15,33,Freiburg,Bayern Munich,2,2,True
2020/21,2021-05-15,33,Hertha,FC Koln,0,0,True
2020/21,2021-05-15,33,Leverkusen,Union Berlin,1,1,True
2020/21,2021-05-15,33,M'gladbach,Stuttgart,1,2,True
2020/21,2021-05-15,33,Schalke 04,Ein Frankfurt,4,3,True
2020/21,2021-05-16,33,Mainz,Dortmund,1,3,True
2020/21,2021-05-16,33,RB Leipzig,Wolfsburg,2,2,True
2020/21,2021-05-22,34,Bayern Munich,Augsburg,5,2,True
2020/21,2021-05-22,34,Dortmund,Leverkusen,3,1,True
2020/21,2021-05-22,34,Ein Frankfurt,Freiburg,3,1,True
2020/21,2021-05-22,34,FC Koln,Schalke 04,1,0,True
2020/21,2021-05-22,34,Hoffenheim,Hertha,2,1,True
2020/21,2021-05-22,34,Stuttgart,Bielefeld,0,2,True
2020/21,2021-05-22,34,Union Berlin,RB Leipzig,2,1,True
2020/21,2021-05-22,34,Werder Bremen,M'gladbach,2,4,True
2020/21,2021-05-22,34,Wolfsburg,Mainz,2,3,True
2021/22,2021-08-13,1,M'gladbach,Bayern Munich,1,1,True
2021/22,2021-08-14,1,Augsburg,Hoffenheim,0,4,True
2021/22,2021-08-14,1,Bielefeld,Freiburg,0,0,True
2021/22,2021-08-14,1,Dortmund,Ein Frankfurt,5,2,True
2021/22,2021-08-14,1,Stuttgart,Greuther Furth,5,1,True
2021/22,2021-08-14,1,Union Berlin,Leverkusen,1,1,True
2021/22,2021-08-14,1,Wolfsburg,Bochum,1,0,True
2021/22,2021-08-15,1,FC Koln,Hertha,3,1,True
2021/22,2021-08-15,1,Mainz,RB Leipzig,1,0,True
2021/22,2021-08-20,2,RB Leipzig,Stuttgart,4,0,True
2021/22,2021-08-21,2,Bochum,Mainz,2,0,True
2021/22,2021-08-21,2,Ein Frankfurt,Augsburg,0,0,True
2021/22,2021-08-21,2,Freiburg,Dortmund,2,1,True
2021/22,2021-08-21,2,Greuther Furth,Bielefeld,1,1,True
2021/22,2021-08-21,2,Hertha,Wolfsburg,1,2,True
2021/22,2021-08-21,2,Leverkusen,M'gladbach,4,0,True
2021/22,2021-08-22,2,Bayern Munich,FC Koln,3,2,True
2021/22,2021-08-22,2,Hoffenheim,Union Berlin,2,2,True
2021/22,2021-08-27,3,Dortmund,Hoffenheim,3,2,True
2021/22,2021-08-28,3,Augsburg,Leverkusen,1,4,True
2021/22,2021-08-28,3,Bayern Munich,Hertha,5,0,True
2021/22,2021-08-28,3,Bielefeld,Ein Frankfurt,1,1,True
2021/22,2021-08-28,3,FC Koln,Bochum,2,1,True
2021/22,2021-08-28,3,Mainz,Greuther Furth,3,0,True
2021/22,2021-08-28,3,Stuttgart,Freiburg,2,3,True
2021/22,2021-08-29,3,Union Berlin,M'gladbach,2,1,True
2021/22,2021-08-29,3,Wolfsburg,RB Leipzig,1,0,True
2021/22,2021-09-11,4,Freiburg,FC Koln,1,1,True
2021/22,2021-09-11,4,Greuther Furth,Wolfsburg,0,2,True
2021/22,2021-09-11,4,Hoffenheim,Mainz,0,2,True
2021/22,2021-09-11,4,Leverkusen,Dortmund,3,4,True
2021/22,2021-09-11,4,RB Leipzig,Bayern Munich,1,4,True
2021/22,2021-09-11,4,Union Berlin,Augsburg,0,0,True
2021/22,2021-09-12,4,Bochum,Hertha,1,3,True
2021/22,2021-09-12,4,Ein Frankfurt,Stuttgart,1,1,True
2021/22,2021-09-12,4,M'gladbach,Bielefeld,3,1,True
2021/22,2021-09-17,5,Hertha,Greuther Furth,2,1,True
2021/22,2021-09-18,5,Augsburg,M'gladbach,1,0,True
2021/22,2021-09-18,5,Bayern Munich,Bochum,7,0,True
2021/22,2021-09-18,5,Bielefeld,Hoffenheim,0,0,True
2021/22,2021-09-18,5,FC Koln,RB Leipzig,1,1,True
2021/22,2021-09-18,5,Mainz,Freiburg,0,0,True
2021/22,2021-09-19,5,Dortmund,Union Berlin,4,2,True
2021/22,2021-09-19,5,Stuttgart,Leverkusen,1,3,True
2021/22,2021-09-19,5,Wolfsburg,Ein Frankfurt,1,1,True
2021/22,2021-09-24,6,Greuther Furth,Bayern Munich,1,3,True
2021/22,2021-09-25,6,Ein Frankfurt,FC Koln,1,1,True
2021/22,2021-09-25,6,Hoffenheim,Wolfsburg,3,1,True
2021/22,2021-09-25,6,Leverkusen,Mainz,1,0,True
2021/22,2021-09-25,6,M'gladbach,Dortmund,1,0,True
2021/22,2021-09-25,6,RB Leipzig,Hertha,6,0,True
2021/22,2021-09-25,6,Union Berlin,Bielefeld,1,0,True
2021/22,2021-09-26,6,Bochum,Stuttgart,0,0,True
2021/22,2021-09-26,6,Freiburg,Augsburg,3,0,True
2021/22,2021-10-01,7,FC Koln,Greuther Furth,3,1,True
2021/22,2021-10-02,7,Dortmund,Augsburg,2,1,True
2021/22,2021-10-02,7,Hertha,Freiburg,1,2,True
2021/22,2021-10-02,7,RB Leipzig,Bochum,3,0,True
2021/22,2021-10-02,7,Stuttgart,Hoffenheim,3,1,True
2021/22,2021-10-02,7,Wolfsburg,M'gladbach,1,3,True
2021/22,2021-10-03,7,Bayern Munich,Ein Frankfurt,1,2,True
2021/22,2021-10-03,7,Bielefeld,Leverkusen,0,4,True
2021/22,2021-10-03,7,Mainz,Union Berlin,1,2,True
2021/22,2021-10-15,8,Hoffenheim,FC Koln,5,0,True
2021/22,2021-10-16,8,Dortmund,Mainz,3,1,True
2021/22,2021-10-16,8,Ein Frankfurt,Hertha,1,2,True
2021/22,2021-10-16,8,Freiburg,RB Leipzig,1,1,True
2021/22,2021-10-16,8,Greuther Furth,Bochum,0,1,True
2021/22,2021-10-16,8,M'gladbach,Stuttgart,1,1,True
2021/22,2021-10-16,8,Union Berlin,Wolfsburg,2,0,True
2021/22,2021-10-17,8,Augsburg,Bielefeld,1,1,True
2021/22,2021-10-17,8,Leverkusen,Bayern Munich,1,5,True
2021/22,2021-10-22,9,Mainz,Augsburg,4,1,True
2021/22,2021-10-23,9,Bayern Munich,Hoffenheim,4,0,True
2021/22,2021-10-23,9,Bielefeld,Dortmund,1,3,True
2021/22,2021-10-23,9,Hertha,M'gladbach,1,0,True
2021/22,2021-10-23,9,RB Leipzig,Greuther Furth,4,1,True
2021/22,2021-10-23,9,Wolfsburg,Freiburg,0,2,True
2021/22,2021-10-24,9,Bochum,Ein Frankfurt,2,0,True
2021/22,2021-10-24,9,FC Koln,Leverkusen,2,2,True
2021/22,2021-10-24,9,Stuttgart,Union Berlin,1,1,True
2021/22,2021-10-29,10,Hoffenheim,Hertha,2,0,True
2021/22,2021-10-30,10,Bielefeld,Mainz,1,2,True
2021/22,2021-10-30,10,Dortmund,FC Koln,2,0,True
2021/22,2021-10-30,10,Ein Frankfurt,RB Leipzig,1,1,True
2021/22,2021-10-30,10,Freiburg,Greuther Furth,3,1,True
2021/22,2021-10-30,10,Leverkusen,Wolfsburg,0,2,True
2021/22,2021-10-30,10,Union Berlin,Bayern Munich,2,5,True
2021/22,2021-10-31,10,Augsburg,Stuttgart,4,1,True
2021/22,2021-10-31,10,M'gladbach,Bochum,2,1,True
2021/22,2021-11-05,11,Mainz,M'gladbach,1,1,True
2021/22,2021-11-06,11,Bayern Munich,Freiburg,2,1,True
2021/22,2021-11-06,11,Bochum,Hoffenheim,2,0,True
2021/22,2021-11-06,11,RB Leipzig,Dortmund,2,1,True
2021/22,2021-11-06,11,Stuttgart,Bielefeld,0,1,True
2021/22,2021-11-06,11,Wolfsburg,Augsburg,1,0,True
2021/22,2021-11-07,11,FC Koln,Union Berlin,2,2,True
2021/22,2021-11-07,11,Greuther Furth,Ein Frankfurt,1,2,True
2021/22,2021-11-07,11,Hertha,Leverkusen,1,1,True
2021/22,2021-11-19,12,Augsburg,Bayern Munich,2,1,True
2021/22,2021-11-20,12,Bielefeld,Wolfsburg,2,2,True
2021/22,2021-11-20,12,Dortmund,Stuttgart,2,1,True
2021/22,2021-11-20,12,Hoffenheim,RB Leipzig,2,0,True
2021/22,2021-11-20,12,Leverkusen,Bochum,1,0,True
2021/22,2021-11-20,12,M'gladbach,Greuther Furth,4,0,True
2021/22,2021-11-20,12,Union Berlin,Hertha,2,0,True
2021/22,2021-11-21,12,Freiburg,Ein Frankfurt,0,2,True
2021/22,2021-11-21,12,Mainz,FC Koln,1,1,True
2021/22,2021-11-26,13,Stuttgart,Mainz,2,1,True
2021/22,2021-11-27,13,Bayern Munich,Bielefeld,1,0,True
2021/22,2021-11-27,13,Bochum,Freiburg,2,1,True
2021/22,2021-11-27,13,FC Koln,M'gladbach,4,1,True
2021/22,2021-11-27,13,Greuther Furth,Hoffenheim,3,6,True
2021/22,2021-11-27,13,Hertha,Augsburg,1,1,True
2021/22,2021-11-27,13,Wolfsburg,Dortmund,1,3,True
2021/22,2021-11-28,13,Ein Frankfurt,Union Berlin,2,1,True
2021/22,2021-11-28,13,RB Leipzig,Leverkusen,1,3,True
2021/22,2021-12-03,14,Union Berlin,RB Leipzig,2,1,True
2021/22,2021-12-04,14,Augsburg,Bochum,2,3,True
2021/22,2021-12-04,14,Bielefeld,FC Koln,1,1,True
2021/22,2021-12-04,14,Dortmund,Bayern Munich,2,3,True
2021/22,2021-12-04,14,Hoffenheim,Ein Frankfurt,3,2,True
2021/22,2021-12-04,14,Leverkusen,Greuther Furth,7,1,True
2021/22,2021-12-04,14,Mainz,Wolfsburg,3,0,True
2021/22,2021-12-05,14,M'gladbach,Freiburg,0,6,True
2021/22,2021-12-05,14,Stuttgart,Hertha,2,2,True
2021/22,2021-12-10,15,FC Koln,Augsburg,0,2,True
2021/22,2021-12-11,15,Bayern Munich,Mainz,2,1,True
2021/22,2021-12-11,15,Bochum,Dortmund,1,1,True
2021/22,2021-12-11,15,Freiburg,Hoffenheim,1,2,True
2021/22,2021-12-11,15,Hertha,Bielefeld,2,0,True
2021/22,2021-12-11,15,RB Leipzig,M'gladbach,4,1,True
2021/22,2021-12-11,15,Wolfsburg,Stuttgart,0,2,True
2021/22,2021-12-12,15,Ein Frankfurt,Leverkusen,5,2,True
2021/22,2021-12-12,15,Greuther Furth,Union Berlin,1,0,True
2021/22,2021-12-14,16,Bielefeld,Bochum,2,0,True
2021/22,2021-12-14,16,Mainz,Hertha,4,0,True
2021/22,2021-12-14,16,Stuttgart,Bayern Munich,0,5,True
2021/22,2021-12-14,16,Wolfsburg,FC Koln,2,3,True
2021/22,2021-12-15,16,Augsburg,RB Leipzig,1,1,True
2021/22,2021-12-15,16,Dortmund,Greuther Furth,3,0,True
2021/22,2021-12-15,16,Leverkusen,Hoffenheim,2,2,True
2021/22,2021-12-15,16,M'gladbach,Ein Frankfurt,2,3,True
2021/22,2021-12-15,16,Union Berlin,Freiburg,0,0,True
2021/22,2021-12-17,17,Bayern Munich,Wolfsburg,4,0,True
2021/22,2021-12-18,17,Bochum,Union Berlin,0,1,True
2021/22,2021-12-18,17,Ein Frankfurt,Mainz,1,0,True
2021/22,2021-12-18,17,Greuther Furth,Augsburg,0,0,True
2021/22,2021-12-18,17,Hertha,Dortmund,3,2,True
2021/22,2021-12-18,17,Hoffenheim,M'gladbach,1,1,True
2021/22,2021-12-18,17,RB Leipzig,Bielefeld,0,2,True
2021/22,2021-12-19,17,FC Koln,Stuttgart,1,0,True
2021/22,2021-12-19,17,Freiburg,Leverkusen,2,1,True
2021/22,2022-01-07,18,Bayern Munich,M'gladbach,1,2,True
2021/22,2022-01-08,18,Ein Frankfurt,Dortmund,2,3,True
2021/22,2022-01-08,18,Freiburg,Bielefeld,2,2,True
2021/22,2022-01-08,18,Greuther Furth,Stuttgart,0,0,True
2021/22,2022-01-08,18,Hoffenheim,Augsburg,3,1,True
2021/22,2022-01-08,18,Leverkusen,Union Berlin,2,2,True
2021/22,2022-01-08,18,RB Leipzig,Mainz,4,1,True
2021/22,2022-01-09,18,Bochum,Wolfsburg,1,0,True
2021/22,2022-01-09,18,Hertha,FC Koln,1,3,True
2021/22,2022-01-14,19,Dortmund,Freiburg,5,1,True
2021/22,2022-01-15,19,FC Koln,Bayern Munich,0,4,True
2021/22,2022-01-15,19,M'gladbach,Leverkusen,1,2,True
2021/22,2022-01-15,19,Mainz,Bochum,1,0,True
2021/22,2022-01-15,19,Stuttgart,RB Leipzig,0,2,True
2021/22,2022-01-15,19,Union Berlin,Hoffenheim,2,1,True
2021/22,2022-01-15,19,Wolfsburg,Hertha,0,0,True
2021/22,2022-01-16,19,Augsburg,Ein Frankfurt,1,1,True
2021/22,2022-01-16,19,Bielefeld,Greuther Furth,2,2,True
2021/22,2022-01-21,20,Ein Frankfurt,Bielefeld,0,2,True
2021/22,2022-01-22,20,Bochum,FC Koln,2,2,True
2021/22,2022-01-22,20,Freiburg,Stuttgart,2,0,True
2021/22,2022-01-22,20,Greuther Furth,Mainz,2,1,True
2021/22,2022-01-22,20,Hoffenheim,Dortmund,2,3,True
2021/22,2022-01-22,20,Leverkusen,Augsburg,5,1,True
2021/22,2022-01-22,20,M'gladbach,Union Berlin,1,2,True
2021/22,2022-01-23,20,Hertha,Bayern Munich,1,4,True
2021/22,2022-01-23,20,RB Leipzig,Wolfsburg,2,0,True
2021/22,2022-02-04,21,Hertha,Bochum,1,1,True
2021/22,2022-02-05,21,Augsburg,Union Berlin,2,0,True
2021/22,2022-02-05,21,Bayern Munich,RB Leipzig,3,2,True
2021/22,2022-02-05,21,Bielefeld,M'gladbach,1,1,True
2021/22,2022-02-05,21,FC Koln,Freiburg,1,0,True
2021/22,2022-02-05,21,Mainz,Hoffenheim,2,0,True
2021/22,2022-02-05,21,Stuttgart,Ein Frankfurt,2,3,True
2021/22,2022-02-06,21,Dortmund,Leverkusen,2,5,True
2021/22,2022-02-06,21,Wolfsburg,Greuther Furth,4,1,True
2021/22,2022-02-11,22,RB Leipzig,FC Koln,3,1,True
2021/22,2022-02-12,22,Bochum,Bayern Munich,4,2,True
2021/22,2022-02-12,22,Ein Frankfurt,Wolfsburg,0,2,True
2021/22,2022-02-12,22,Freiburg,Mainz,1,1,True
2021/22,2022-02-12,22,Greuther Furth,Hertha,2,1,True
2021/22,2022-02-12,22,Leverkusen,Stuttgart,4,2,True
2021/22,2022-02-12,22,M'gladbach,Augsburg,3,2,True
2021/22,2022-02-13,22,Hoffenheim,Bielefeld,2,0,True
2021/22,2022-02-13,22,Union Berlin,Dortmund,0,3,True
2021/22,2022-02-18,23,Mainz,Leverkusen,3,2,True
2021/22,2022-02-19,23,Augsburg,Freiburg,1,2,True
2021/22,2022-02-19,23,Bielefeld,Union Berlin,1,0,True
2021/22,2022-02-19,23,FC Koln,Ein Frankfurt,1,0,True
2021/22,2022-02-19,23,Stuttgart,Bochum,1,1,True
2021/22,2022-02-19,23,Wolfsburg,Hoffenheim,1,2,True
2021/22,2022-02-20,23,Bayern Munich,Greuther Furth,4,1,True
2021/22,2022-02-20,23,Dortmund,M'gladbach,6,0,True
2021/22,2022-02-20,23,Hertha,RB Leipzig,1,6,True
2021/22,2022-02-25,24,Hoffenheim,Stuttgart,2,1,True
2021/22,2022-02-26,24,Ein Frankfurt,Bayern Munich,0,1,True
2021/22,2022-02-26,24,Freiburg,Hertha,3,0,True
2021/22,2022-02-26,24,Greuther Furth,FC Koln,1,1,True
2021/22,2022-02-26,24,Leverkusen,Bielefeld,3,0,True
2021/22,2022-02-26,24,M'gladbach,Wolfsburg,2,2,True
2021/22,2022-02-26,24,Union Berlin,Mainz,3,1,True
2021/22,2022-02-27,24,Augsburg,Dortmund,1,1,True
2021/22,2022-02-27,24,Bochum,RB Leipzig,0,1,True
2021/22,2022-03-04,25,Bielefeld,Augsburg,0,1,True
2021/22,2022-03-05,25,Bayern Munich,Leverkusen,1,1,True
2021/22,2022-03-05,25,Bochum,Greuther Furth,2,1,True
2021/22,2022-03-05,25,Hertha,Ein Frankfurt,1,4,True
2021/22,2022-03-05,25,RB Leipzig,Freiburg,1,1,True
2021/22,2022-03-05,25,Stuttgart,M'gladbach,3,2,True
2021/22,2022-03-05,25,Wolfsburg,Union Berlin,1,0,True
2021/22,2022-03-06,25,FC Koln,Hoffenheim,0,1,True
2021/22,2022-03-12,26,Freiburg,Wolfsburg,3,2,True
2021/22,2022-03-12,26,Hoffenheim,Bayern Munich,1,1,True
2021/22,2022-03-12,26,M'gladbach,Hertha,2,0,True
2021/22,2022-03-12,26,Union Berlin,Stuttgart,1,1,True
2021/22,2022-03-13,26,Dortmund,Bielefeld,1,0,True
2021/22,2022-03-13,26,Ein Frankfurt,Bochum,2,1,True
2021/22,2022-03-13,26,Greuther Furth,RB Leipzig,1,6,True
2021/22,2022-03-13,26,Leverkusen,FC Koln,0,1,True
2021/22,2022-03-16,25,Mainz,Dortmund,0,1,True
2021/22,2022-03-18,27,Bochum,M'gladbach,0,2,True
2021/22,2022-03-19,27,Bayern Munich,Union Berlin,4,0,True
2021/22,2022-03-19,27,Greuther Furth,Freiburg,0,0,True
2021/22,2022-03-19,27,Hertha,Hoffenheim,3,0,True
2021/22,2022-03-19,27,Mainz,Bielefeld,4,0,True
2021/22,2022-03-19,27,Stuttgart,Augsburg,3,2,True
2021/22,2022-03-20,27,FC Koln,Dortmund,1,1,True
2021/22,2022-03-20,27,RB Leipzig,Ein Frankfurt,0,0,True
2021/22,2022-03-20,27,Wolfsburg,Leverkusen,0,2,True
2021/22,2022-04-01,28,Union Berlin,FC Koln,1,0,True
2021/22,2022-04-02,28,Bielefeld,Stuttgart,1,1,True
2021/22,2022-04-02,28,Dortmund,RB Leipzig,1,4,True
2021/22,2022-04-02,28,Ein Frankfurt,Greuther Furth,0,0,True
2021/22,2022-04-02,28,Freiburg,Bayern Munich,1,4,True
2021/22,2022-04-02,28,Hoffenheim,Bochum,1,2,True
2021/22,2022-04-02,28,Leverkusen,Hertha,2,1,True
2021/22,2022-04-03,28,Augsburg,Wolfsburg,3,0,True
2021/22,2022-04-03,28,M'gladbach,Mainz,1,1,True
2021/22,2022-04-06,26,Augsburg,Mainz,2,1,True
2021/22,2022-04-08,29,Stuttgart,Dortmund,0,2,True
2021/22,2022-04-09,29,Bayern Munich,Augsburg,1,0,True
2021/22,2022-04-09,29,FC Koln,Mainz,3,2,True
2021/22,2022-04-09,29,Greuther Furth,M'gladbach,0,2,True
2021/22,2022-04-09,29,Hertha,Union Berlin,1,4,True
2021/22,2022-04-09,29,Wolfsburg,Bielefeld,4,0,True
2021/22,2022-04-10,29,Bochum,Leverkusen,0,0,True
2021/22,2022-04-10,29,Ein Frankfurt,Freiburg,1,2,True
2021/22,2022-04-10,29,RB Leipzig,Hoffenheim,3,0,True
2021/22,2022-04-16,30,Augsburg,Hertha,0,1,True
2021/22,2022-04-16,30,Dortmund,Wolfsburg,6,1,True
2021/22,2022-04-16,30,Freiburg,Bochum,3,0,True
2021/22,2022-04-16,30,M'gladbach,FC Koln,1,3,True
2021/22,2022-04-16,30,Mainz,Stuttgart,0,0,True
2021/22,2022-04-17,30,Bielefeld,Bayern Munich,0,3,True
2021/22,2022-04-17,30,Hoffenheim,Greuther Furth,0,0,True
2021/22,2022-04-17,30,Leverkusen,RB Leipzig,0,1,True
2021/22,2022-04-17,30,Union Berlin,Ein Frankfurt,2,0,True
2021/22,2022-04-22,31,Wolfsburg,Mainz,5,0,True
2021/22,2022-04-23,31,Bayern Munich,Dortmund,3,1,True
2021/22,2022-04-23,31,Ein Frankfurt,Hoffenheim,2,2,True
2021/22,2022-04-23,31,FC Koln,Bielefeld,3,1,True
2021/22,2022-04-23,31,Freiburg,M'gladbach,3,3,True
2021/22,2022-04-23,31,Greuther Furth,Leverkusen,1,4,True
2021/22,2022-04-23,31,RB Leipzig,Union Berlin,1,2,True
2021/22,2022-04-24,31,Bochum,Augsburg,0,2,True
2021/22,2022-04-24,31,Hertha,Stuttgart,2,0,True
2021/22,2022-04-29,32,Union Berlin,Greuther Furth,1,1,True
2021/22,2022-04-30,32,Augsburg,FC Koln,1,4,True
2021/22,2022-04-30,32,Bielefeld,Hertha,1,1,True
2021/22,2022-04-30,32,Dortmund,Bochum,3,4,True
2021/22,2022-04-30,32,Hoffenheim,Freiburg,3,4,True
2021/22,2022-04-30,32,Mainz,Bayern Munich,3,1,True
2021/22,2022-04-30,32,Stuttgart,Wolfsburg,1,1,True
2021/22,2022-05-02,32,Leverkusen,Ein Frankfurt,2,0,True
2021/22,2022-05-02,32,M'gladbach,RB Leipzig,3,1,True
2021/22,2022-05-06,33,Bochum,Bielefeld,2,1,True
2021/22,2022-05-07,33,FC Koln,Wolfsburg,0,1,True
2021/22,2022-05-07,33,Freiburg,Union Berlin,1,4,True
2021/22,2022-05-07,33,Greuther Furth,Dortmund,1,3,True
2021/22,2022-05-07,33,Hertha,Mainz,1,2,True
2021/22,2022-05-07,33,Hoffenheim,Leverkusen,2,4,True
2021/22,2022-05-08,33,Bayern Munich,Stuttgart,2,2,True
2021/22,2022-05-08,33,Ein Frankfurt,M'gladbach,1,1,True
2021/22,2022-05-08,33,RB Leipzig,Augsburg,4,0,True
2021/22,2022-05-14,34,Augsburg,Greuther Furth,2,1,True
2021/22,2022-05-14,34,Bielefeld,RB Leipzig,1,1,True
2021/22,2022-05-14,34,Dortmund,Hertha,2,1,True
2021/22,2022-05-14,34,Leverkusen,Freiburg,2,1,True
2021/22,2022-05-14,34,M'gladbach,Hoffenheim,5,1,True
2021/22,2022-05-14,34,Mainz,Ein Frankfurt,2,2,True
2021/22,2022-05-14,34,Stuttgart,FC Koln,2,1,True
2021/22,2022-05-14,34,Union Berlin,Bochum,3,2,True
2021/22,2022-05-14,34,Wolfsburg,Bayern Munich,2,2,True
2022/23,2022-08-05,1,Ein Frankfurt,Bayern Munich,1,6,True
2022/23,2022-08-06,1,Augsburg,Freiburg,0,4,True
2022/23,2022-08-06,1,Bochum,Mainz,1,2,True
2022/23,2022-08-06,1,Dortmund,Leverkusen,1,0,True
2022/23,2022-08-06,1,M'gladbach,Hoffenheim,3,1,True
2022/23,2022-08-06,1,Union Berlin,Hertha,3,1,True
2022/23,2022-08-06,1,Wolfsburg,Werder Bremen,2,2,True
2022/23,2022-08-07,1,FC Koln,Schalke 04,3,1,True
2022/23,2022-08-07,1,Stuttgart,RB Leipzig,1,1,True
2022/23,2022-08-12,2,Freiburg,Dortmund,1,3,True
2022/23,2022-08-13,2,Hertha,Ein Frankfurt,1,1,True
2022/23,2022-08-13,2,Hoffenheim,Bochum,3,2,True
2022/23,2022-08-13,2,Leverkusen,Augsburg,1,2,True
2022/23,2022-08-13,2,RB Leipzig,FC Koln,2,2,True
2022/23,2022-08-13,2,Schalke 04,M'gladbach,2,2,True
2022/23,2022-08-13,2,Werder Bremen,Stuttgart,2,2,True
2022/23,2022-08-14,2,Bayern Munich,Wolfsburg,2,0,True
2022/23,2022-08-14,2,Mainz,Union Berlin,0,0,True
2022/23,2022-08-19,3,M'gladbach,Hertha,1,0,True
2022/23,2022-08-20,3,Augsburg,Mainz,1,2,True
2022/23,2022-08-20,3,Dortmund,Werder Bremen,2,3,True
2022/23,2022-08-20,3,Leverkusen,Hoffenheim,0,3,True
2022/23,2022-08-20,3,Stuttgart,Freiburg,0,1,True
2022/23,2022-08-20,3,Union Berlin,RB Leipzig,2,1,True
2022/23,2022-08-20,3,Wolfsburg,Schalke 04,0,0,True
2022/23,2022-08-21,3,Bochum,Bayern Munich,0,7,True
2022/23,2022-08-21,3,Ein Frankfurt,FC Koln,1,1,True
2022/23,2022-08-26,4,Freiburg,Bochum,1,0,True
2022/23,2022-08-27,4,Bayern Munich,M'gladbach,1,1,True
2022/23,2022-08-27,4,Hertha,Dortmund,0,1,True
2022/23,2022-08-27,4,Hoffenheim,Augsburg,1,0,True
2022/23,2022-08-27,4,Mainz,Leverkusen,0,3,True
2022/23,2022-08-27,4,RB Leipzig,Wolfsburg,2,0,True
2022/23,2022-08-27,4,Schalke 04,Union Berlin,1,6,True
2022/23,2022-08-28,4,FC Koln,Stuttgart,0,0,True
2022/23,2022-08-28,4,Werder Bremen,Ein Frankfurt,3,4,True
2022/23,2022-09-02,5,Dortmund,Hoffenheim,1,0,True
2022/23,2022-09-03,5,Bochum,Werder Bremen,0,2,True
2022/23,2022-09-03,5,Ein Frankfurt,RB Leipzig,4,0,True
2022/23,2022-09-03,5,Leverkusen,Freiburg,2,3,True
2022/23,2022-09-03,5,Stuttgart,Schalke 04,1,1,True
2022/23,2022-09-03,5,Union Berlin,Bayern Munich,1,1,True
2022/23,2022-09-03,5,Wolfsburg,FC Koln,2,4,True
2022/23,2022-09-04,5,Augsburg,Hertha,0,2,True
2022/23,2022-09-04,5,M'gladbach,Mainz,0,1,True
2022/23,2022-09-09,6,Werder Bremen,Augsburg,0,1,True
2022/23,2022-09-10,6,Bayern Munich,Stuttgart,2,2,True
2022/23,2022-09-10,6,Ein Frankfurt,Wolfsburg,0,1,True
2022/23,2022-09-10,6,Hertha,Leverkusen,2,2,True
2022/23,2022-09-10,6,Hoffenheim,Mainz,4,1,True
2022/23,2022-09-10,6,RB Leipzig,Dortmund,3,0,True
2022/23,2022-09-10,6,Schalke 04,Bochum,3,1,True
2022/23,2022-09-11,6,FC Koln,Union Berlin,0,1,True
2022/23,2022-09-11,6,Freiburg,M'gladbach,0,0,True
2022/23,2022-09-16,7,Mainz,Hertha,1,1,True
2022/23,2022-09-17,7,Augsburg,Bayern Munich,1,0,True
2022/23,2022-09-17,7,Dortmund,Schalke 04,1,0,True
2022/23,2022-09-17,7,Leverkusen,Werder Bremen,1,1,True
2022/23,2022-09-17,7,M'gladbach,RB Leipzig,3,0,True
2022/23,2022-09-17,7,Stuttgart,Ein Frankfurt,1,3,True
2022/23,2022-09-18,7,Bochum,FC Koln,1,1,True
2022/23,2022-09-18,7,Hoffenheim,Freiburg,0,0,True
2022/23,2022-09-18,7,Union Berlin,Wolfsburg,2,0,True
2022/23,2022-09-30,8,Bayern Munich,Leverkusen,4,0,True
2022/23,2022-10-01,8,Ein Frankfurt,Union Berlin,2,0,True
2022/23,2022-10-01,8,FC Koln,Dortmund,3,2,True
2022/23,2022-10-01,8,Freiburg,Mainz,2,1,True
2022/23,2022-10-01,8,RB Leipzig,Bochum,4,0,True
2022/23,2022-10-01,8,Werder Bremen,M'gladbach,5,1,True
2022/23,2022-10-01,8,Wolfsburg,Stuttgart,3,2,True
2022/23,2022-10-02,8,Hertha,Hoffenheim,1,1,True
2022/23,2022-10-02,8,Schalke 04,Augsburg,2,3,True
2022/23,2022-10-07,9,Hoffenheim,Werder Bremen,1,2,True
2022/23,2022-10-08,9,Augsburg,Wolfsburg,1,1,True
2022/23,2022-10-08,9,Bochum,Ein Frankfurt,3,0,True
2022/23,2022-10-08,9,Dortmund,Bayern Munich,2,2,True
2022/23,2022-10-08,9,Leverkusen,Schalke 04,4,0,True
2022/23,2022-10-08,9,Mainz,RB Leipzig,1,1,True
2022/23,2022-10-09,9,Hertha,Freiburg,2,2,True
2022/23,2022-10-09,9,M'gladbach,FC Koln,5,2,True
2022/23,2022-10-09,9,Stuttgart,Union Berlin,0,1,True
2022/23,2022-10-14,10,Schalke 04,Hoffenheim,0,3,True
2022/23,2022-10-15,10,Ein Frankfurt,Leverkusen,5,1,True
2022/23,2022-10-15,10,RB Leipzig,Hertha,3,2,True
2022/23,2022-10-15,10,Stuttgart,Bochum,4,1,True
2022/23,2022-10-15,10,Werder Bremen,Mainz,0,2,True
2022/23,2022-10-15,10,Wolfsburg,M'gladbach,2,2,True
2022/23,2022-10-16,10,Bayern Munich,Freiburg,5,0,True
2022/23,2022-10-16,10,FC Koln,Augsburg,3,2,True
2022/23,2022-10-16,10,Union Berlin,Dortmund,2,0,True
2022/23,2022-10-21,11,Mainz,FC Koln,5,0,True
2022/23,2022-10-22,11,Augsburg,RB Leipzig,3,3,True
2022/23,2022-10-22,11,Dortmund,Stuttgart,5,0,True
2022/23,2022-10-22,11,Freiburg,Werder Bremen,2,0,True
2022/23,2022-10-22,11,Hoffenheim,Bayern Munich,0,2,True
2022/23,2022-10-22,11,Leverkusen,Wolfsburg,2,2,True
2022/23,2022-10-22,11,M'gladbach,Ein Frankfurt,1,3,True
2022/23,2022-10-23,11,Bochum,Union Berlin,2,1,True
2022/23,2022-10-23,11,Hertha,Schalke 04,2,1,True
2022/23,2022-10-28,12,Werder Bremen,Hertha,1,0,True
2022/23,2022-10-29,12,Bayern Munich,Mainz,6,2,True
2022/23,2022-10-29,12,Ein Frankfurt,Dortmund,1,2,True
2022/23,2022-10-29,12,RB Leipzig,Leverkusen,2,0,True
2022/23,2022-10-29,12,Stuttgart,Augsburg,2,1,True
2022/23,2022-10-29,12,Wolfsburg,Bochum,4,0,True
2022/23,2022-10-30,12,FC Koln,Hoffenheim,1,1,True
2022/23,2022-10-30,12,Schalke 04,Freiburg,0,2,True
2022/23,2022-10-30,12,Union Berlin,M'gladbach,2,1,True
2022/23,2022-11-04,13,M'gladbach,Stuttgart,3,1,True
2022/23,2022-11-05,13,Augsburg,Ein Frankfurt,1,2,True
2022/23,2022-11-05,13,Dortmund,Bochum,3,0,True
2022/23,2022-11-05,13,Hertha,Bayern Munich,2,3,True
2022/23,2022-11-05,13,Hoffenheim,RB Leipzig,1,3,True
2022/23,2022-11-05,13,Mainz,Wolfsburg,0,3,True
2022/23,2022-11-05,13,Werder Bremen,Schalke 04,2,1,True
2022/23,2022-11-06,13,Freiburg,FC Koln,2,0,True
2022/23,2022-11-06,13,Leverkusen,Union Berlin,5,0,True
2022/23,2022-11-08,14,Bayern Munich,Werder Bremen,6,1,True
2022/23,2022-11-08,14,Bochum,M'gladbach,2,1,True
2022/23,2022-11-08,14,Stuttgart,Hertha,2,1,True
2022/23,2022-11-08,14,Wolfsburg,Dortmund,2,0,True
2022/23,2022-11-09,14,Ein Frankfurt,Hoffenheim,4,2,True
2022/23,2022-11-09,14,FC Koln,Leverkusen,1,2,True
2022/23,2022-11-09,14,RB Leipzig,Freiburg,3,1,True
2022/23,2022-11-09,14,Schalke 04,Mainz,1,0,True
2022/23,2022-11-09,14,Union Berlin,Augsburg,2,2,True
2022/23,2022-11-11,15,M'gladbach,Dortmund,4,2,True
2022/23,2022-11-12,15,Augsburg,Bochum,0,1,True
2022/23,2022-11-12,15,Hertha,FC Koln,2,0,True
2022/23,2022-11-12,15,Hoffenheim,Wolfsburg,1,2,True
2022/23,2022-11-12,15,Leverkusen,Stuttgart,2,0,True
2022/23,2022-11-12,15,Schalke 04,Bayern Munich,0,2,True
2022/23,2022-11-12,15,Werder Bremen,RB Leipzig,1,2,True
2022/23,2022-11-13,15,Freiburg,Union Berlin,4,1,True
2022/23,2022-11-13,15,Mainz,Ein Frankfurt,1,1,True
2022/23,2023-01-20,16,RB Leipzig,Bayern Munich,1,1,True
2022/23,2023-01-21,16,Bochum,Hertha,3,1,True
2022/23,2023-01-21,16,Ein Frankfurt,Schalke 04,3,0,True
2022/23,2023-01-21,16,FC Koln,Werder Bremen,7,1,True
2022/23,2023-01-21,16,Stuttgart,Mainz,1,1,True
2022/23,2023-01-21,16,Union Berlin,Hoffenheim,3,1,True
2022/23,2023-01-21,16,Wolfsburg,Freiburg,6,0,True
2022/23,2023-01-22,16,Dortmund,Augsburg,4,3,True
2022/23,2023-01-22,16,M'gladbach,Leverkusen,2,3,True
2022/23,2023-01-24,17,Bayern Munich,FC Koln,1,1,True
2022/23,2023-01-24,17,Hertha,Wolfsburg,0,5,True
2022/23,2023-01-24,17,Hoffenheim,Stuttgart,2,2,True
2022/23,2023-01-24,17,Schalke 04,RB Leipzig,1,6,True
2022/23,2023-01-25,17,Augsburg,M'gladbach,1,0,True
2022/23,2023-01-25,17,Freiburg,Ein Frankfurt,1,1,True
2022/23,2023-01-25,17,Leverkusen,Bochum,2,0,True
2022/23,2023-01-25,17,Mainz,Dortmund,1,2,True
2022/23,2023-01-25,17,Werder Bremen,Union Berlin,1,2,True
2022/23,2023-01-27,18,RB Leipzig,Stuttgart,2,1,True
2022/23,2023-01-28,18,Bayern Munich,Ein Frankfurt,1,1,True
2022/23,2023-01-28,18,Freiburg,Augsburg,3,1,True
2022/23,2023-01-28,18,Hertha,Union Berlin,0,2,True
2022/23,2023-01-28,18,Hoffenheim,M'gladbach,1,4,True
2022/23,2023-01-28,18,Mainz,Bochum,5,2,True
2022/23,2023-01-28,18,Werder Bremen,Wolfsburg,2,1,True
2022/23,2023-01-29,18,Leverkusen,Dortmund,0,2,True
2022/23,2023-01-29,18,Schalke 04,FC Koln,0,0,True
2022/23,2023-02-03,19,Augsburg,Leverkusen,1,0,True
2022/23,2023-02-04,19,Bochum,Hoffenheim,5,2,True
2022/23,2023-02-04,19,Dortmund,Freiburg,5,1,True
2022/23,2023-02-04,19,Ein Frankfurt,Hertha,3,0,True
2022/23,2023-02-04,19,FC Koln,RB Leipzig,0,0,True
2022/23,2023-02-04,19,M'gladbach,Schalke 04,0,0,True
2022/23,2023-02-04,19,Union Berlin,Mainz,2,1,True
2022/23,2023-02-05,19,Stuttgart,Werder Bremen,0,2,True
2022/23,2023-02-05,19,Wolfsburg,Bayern Munich,2,4,True
2022/23,2023-02-10,20,Schalke 04,Wolfsburg,0,0,True
2022/23,2023-02-11,20,Bayern Munich,Bochum,3,0,True
2022/23,2023-02-11,20,Freiburg,Stuttgart,2,1,True
2022/23,2023-02-11,20,Hoffenheim,Leverkusen,1,3,True
2022/23,2023-02-11,20,Mainz,Augsburg,3,1,True
2022/23,2023-02-11,20,RB Leipzig,Union Berlin,1,2,True
2022/23,2023-02-11,20,Werder Bremen,Dortmund,0,2,True
2022/23,2023-02-12,20,FC Koln,Ein Frankfurt,3,0,True
2022/23,2023-02-12,20,Hertha,M'gladbach,4,1,True
2022/23,2023-02-17,21,Augsburg,Hoffenheim,1,0,True
2022/23,2023-02-18,21,Bochum,Freiburg,0,2,True
2022/23,2023-02-18,21,Ein Frankfurt,Werder Bremen,2,0,True
2022/23,2023-02-18,21,M'gladbach,Bayern Munich,3,2,True
2022/23,2023-02-18,21,Stuttgart,FC Koln,3,0,True
2022/23,2023-02-18,21,Wolfsburg,RB Leipzig,0,3,True
2022/23,2023-02-19,21,Dortmund,Hertha,4,1,True
2022/23,2023-02-19,21,Leverkusen,Mainz,2,3,True
2022/23,2023-02-19,21,Union Berlin,Schalke 04,0,0,True
2022/23,2023-02-24,22,Mainz,M'gladbach,4,0,True
2022/23,2023-02-25,22,FC Koln,Wolfsburg,0,2,True
2022/23,2023-02-25,22,Hertha,Augsburg,2,0,True
2022/23,2023-02-25,22,Hoffenheim,Dortmund,0,1,True
2022/23,2023-02-25,22,RB Leipzig,Ein Frankfurt,2,1,True
2022/23,2023-02-25,22,Schalke 04,Stuttgart,2,1,True
2022/23,2023-02-25,22,Werder Bremen,Bochum,3,0,True
2022/23,2023-02-26,22,Bayern Munich,Union Berlin,3,0,True
2022/23,2023-02-26,22,Freiburg,Leverkusen,1,1,True
2022/23,2023-03-03,23,Dortmund,RB Leipzig,2,1,True
2022/23,2023-03-04,23,Augsburg,Werder Bremen,2,1,True
2022/23,2023-03-04,23,Bochum,Schalke 04,0,2,True
2022/23,2023-03-04,23,M'gladbach,Freiburg,0,0,True
2022/23,2023-03-04,23,Mainz,Hoffenheim,1,0,True
2022/23,2023-03-04,23,Stuttgart,Bayern Munich,1,2,True
2022/23,2023-03-04,23,Union Berlin,FC Koln,0,0,True
2022/23,2023-03-05,23,Leverkusen,Hertha,4,1,True
2022/23,2023-03-05,23,Wolfsburg,Ein Frankfurt,2,2,True
2022/23,2023-03-10,24,FC Koln,Bochum,0,2,True
2022/23,2023-03-11,24,Bayern Munich,Augsburg,5,3,True
2022/23,2023-03-11,24,Ein Frankfurt,Stuttgart,1,1,True
2022/23,2023-03-11,24,Hertha,Mainz,1,1,True
2022/23,2023-03-11,24,RB Leipzig,M'gladbach,3,0,True
2022/23,2023-03-11,24,Schalke 04,Dortmund,2,2,True
2022/23,2023-03-12,24,Freiburg,Hoffenheim,2,1,True
2022/23,2023-03-12,24,Werder Bremen,Leverkusen,2,3,True
2022/23,2023-03-12,24,Wolfsburg,Union Berlin,1,1,True
2022/23,2023-03-17,25,M'gladbach,Werder Bremen,2,2,True
2022/23,2023-03-18,25,Augsburg,Schalke 04,1,1,True
2022/23,2023-03-18,25,Bochum,RB Leipzig,1,0,True
2022/23,2023-03-18,25,Dortmund,FC Koln,6,1,True
2022/23,2023-03-18,25,Hoffenheim,Hertha,3,1,True
2022/23,2023-03-18,25,Stuttgart,Wolfsburg,0,1,True
2022/23,2023-03-19,25,Leverkusen,Bayern Munich,2,1,True
2022/23,2023-03-19,25,Mainz,Freiburg,1,1,True
2022/23,2023-03-19,25,Union Berlin,Ein Frankfurt,2,0,True
2022/23,2023-03-31,26,Ein Frankfurt,Bochum,1,1,True
2022/23,2023-04-01,26,Bayern Munich,Dortmund,4,2,True
2022/23,2023-04-01,26,Freiburg,Hertha,1,1,True
2022/23,2023-04-01,26,RB Leipzig,Mainz,0,3,True
2022/23,2023-04-01,26,Schalke 04,Leverkusen,0,3,True
2022/23,2023-04-01,26,Union Berlin,Stuttgart,3,0,True
2022/23,2023-04-01,26,Wolfsburg,Augsburg,2,2,True
2022/23,2023-04-02,26,FC Koln,M'gladbach,0,0,True
2022/23,2023-04-02,26,Werder Bremen,Hoffenheim,1,2,True
2022/23,2023-04-08,27,Augsburg,FC Koln,1,3,True
2022/23,2023-04-08,27,Dortmund,Union Berlin,2,1,True
2022/23,2023-04-08,27,Freiburg,Bayern Munich,0,1,True
2022/23,2023-04-08,27,Hertha,RB Leipzig,0,1,True
2022/23,2023-04-08,27,Leverkusen,Ein Frankfurt,3,1,True
2022/23,2023-04-08,27,Mainz,Werder Bremen,2,2,True
2022/23,2023-04-09,27,Bochum,Stuttgart,2,3,True
2022/23,2023-04-09,27,Hoffenheim,Schalke 04,2,0,True
2022/23,2023-04-09,27,M'gladbach,Wolfsburg,2,0,True
2022/23,2023-04-14,28,Schalke 04,Hertha,5,2,True
2022/23,2023-04-15,28,Bayern Munich,Hoffenheim,1,1,True
2022/23,2023-04-15,28,Ein Frankfurt,M'gladbach,1,1,True
2022/23,2023-04-15,28,FC Koln,Mainz,1,1,True
2022/23,2023-04-15,28,RB Leipzig,Augsburg,3,2,True
2022/23,2023-04-15,28,Stuttgart,Dortmund,3,3,True
2022/23,2023-04-16,28,Union Berlin,Bochum,1,1,True
2022/23,2023-04-16,28,Werder Bremen,Freiburg,1,2,True
2022/23,2023-04-16,28,Wolfsburg,Leverkusen,0,0,True
2022/23,2023-04-21,29,Augsburg,Stuttgart,1,1,True
2022/23,2023-04-22,29,Bochum,Wolfsburg,1,5,True
2022/23,2023-04-22,29,Dortmund,Ein Frankfurt,4,0,True
2022/23,2023-04-22,29,Hertha,Werder Bremen,2,4,True
2022/23,2023-04-22,29,Hoffenheim,FC Koln,1,3,True
2022/23,2023-04-22,29,Mainz,Bayern Munich,3,1,True
2022/23,2023-04-23,29,Freiburg,Schalke 04,4,0,True
2022/23,2023-04-23,29,Leverkusen,RB Leipzig,2,0,True
2022/23,2023-04-23,29,M'gladbach,Union Berlin,0,1,True
2022/23,2023-04-28,30,Bochum,Dortmund,1,1,True
2022/23,2023-04-29,30,Ein Frankfurt,Augsburg,1,1,True
2022/23,2023-04-29,30,FC Koln,Freiburg,0,1,True
2022/23,2023-04-29,30,RB Leipzig,Hoffenheim,1,0,True
2022/23,2023-04-29,30,Schalke 04,Werder Bremen,2,1,True
2022/23,2023-04-29,30,Stuttgart,M'gladbach,2,1,True
2022/23,2023-04-29,30,Union Berlin,Leverkusen,0,0,True
2022/23,2023-04-30,30,Bayern Munich,Hertha,2,0,True
2022/23,2023-04-30,30,Wolfsburg,Mainz,3,0,True
2022/23,2023-05-05,31,Leverkusen,FC Koln,1,2,True
2022/23,2023-05-05,31,Mainz,Schalke 04,2,3,True
2022/23,2023-05-06,31,Augsburg,Union Berlin,1,0,True
2022/23,2023-05-06,31,Freiburg,RB Leipzig,0,1,True
2022/23,2023-05-06,31,Hertha,Stuttgart,2,1,True
2022/23,2023-05-06,31,Hoffenheim,Ein Frankfurt,3,1,True
2022/23,2023-05-06,31,M'gladbach,Bochum,2,0,True
2022/23,2023-05-06,31,Werder Bremen,Bayern Munich,1,2,True
2022/23,2023-05-07,31,Dortmund,Wolfsburg,6,0,True
2022/23,2023-05-12,32,FC Koln,Hertha,5,2,True
2022/23,2023-05-13,32,Bayern Munich,Schalke 04,6,0,True
2022/23,2023-05-13,32,Bochum,Augsburg,3,2,True
2022/23,2023-05-13,32,Dortmund,M'gladbach,5,2,True
2022/23,2023-05-13,32,Ein Frankfurt,Mainz,3,0,True
2022/23,2023-05-13,32,Union Berlin,Freiburg,4,2,True
2022/23,2023-05-13,32,Wolfsburg,Hoffenheim,2,1,True
2022/23,2023-05-14,32,RB Leipzig,Werder Bremen,2,1,True
2022/23,2023-05-14,32,Stuttgart,Leverkusen,1,1,True
2022/23,2023-05-19,33,Freiburg,Wolfsburg,2,0,True
2022/23,2023-05-20,33,Bayern Munich,RB Leipzig,1,3,True
2022/23,2023-05-20,33,Hertha,Bochum,1,1,True
2022/23,2023-05-20,33,Hoffenheim,Union Berlin,4,2,True
2022/23,2023-05-20,33,Schalke 04,Ein Frankfurt,2,2,True
2022/23,2023-05-20,33,Werder Bremen,FC Koln,1,1,True
2022/23,2023-05-21,33,Augsburg,Dortmund,0,3,True
2022/23,2023-05-21,33,Leverkusen,M'gladbach,2,2,True
2022/23,2023-05-21,33,Mainz,Stuttgart,1,4,True
2022/23,2023-05-27,34,Bochum,Leverkusen,3,0,True
2022/23,2023-05-27,34,Dortmund,Mainz,2,2,True
2022/23,2023-05-27,34,Ein Frankfurt,Freiburg,2,1,True
2022/23,2023-05-27,34,FC Koln,Bayern Munich,1,2,True
2022/23,2023-05-27,34,M'gladbach,Augsburg,2,0,True
2022/23,2023-05-27,34,RB Leipzig,Schalke 04,4,2,True
2022/23,2023-05-27,34,Stuttgart,Hoffenheim,1,1,True
2022/23,2023-05-27,34,Union Berlin,Werder Bremen,1,0,True
2022/23,2023-05-27,34,Wolfsburg,Hertha,1,2,True
2023/24,2023-08-18,1,Werder Bremen,Bayern Munich,0,4,True
2023/24,2023-08-19,1,Augsburg,M'gladbach,4,4,True
2023/24,2023-08-19,1,Dortmund,FC Koln,1,0,True
2023/24,2023-08-19,1,Hoffenheim,Freiburg,1,2,True
2023/24,2023-08-19,1,Leverkusen,RB Leipzig,3,2,True
2023/24,2023-08-19,1,Stuttgart,Bochum,5,0,True
2023/24,2023-08-19,1,Wolfsburg,Heidenheim,2,0,True
2023/24,2023-08-20,1,Ein Frankfurt,Darmstadt,1,0,True
2023/24,2023-08-20,1,Union Berlin,Mainz,4,1,True
2023/24,2023-08-25,2,RB Leipzig,Stuttgart,5,1,True
2023/24,2023-08-26,2,Bochum,Dortmund,1,1,True
2023/24,2023-08-26,2,Darmstadt,Union Berlin,1,4,True
2023/24,2023-08-26,2,FC Koln,Wolfsburg,1,2,True
2023/24,2023-08-26,2,Freiburg,Werder Bremen,1,0,True
2023/24,2023-08-26,2,Heidenheim,Hoffenheim,2,3,True
2023/24,2023-08-26,2,M'gladbach,Leverkusen,0,3,True
2023/24,2023-08-27,2,Bayern Munich,Augsburg,3,1,True
2023/24,2023-08-27,2,Mainz,Ein Frankfurt,1,1,True
2023/24,2023-09-01,3,Dortmund,Heidenheim,2,2,True
2023/24,2023-09-02,3,Augsburg,Bochum,2,2,True
2023/24,2023-09-02,3,Hoffenheim,Wolfsburg,3,1,True
2023/24,2023-09-02,3,Leverkusen,Darmstadt,5,1,True
2023/24,2023-09-02,3,M'gladbach,Bayern Munich,1,2,True
2023/24,2023-09-02,3,Stuttgart,Freiburg,5,0,True
2023/24,2023-09-02,3,Werder Bremen,Mainz,4,0,True
2023/24,2023-09-03,3,Ein Frankfurt,FC Koln,1,1,True
2023/24,2023-09-03,3,Union Berlin,RB Leipzig,0,3,True
2023/24,2023-09-15,4,Bayern Munich,Leverkusen,2,2,True
2023/24,2023-09-16,4,Bochum,Ein Frankfurt,1,1,True
2023/24,2023-09-16,4,FC Koln,Hoffenheim,1,3,True
2023/24,2023-09-16,4,Freiburg,Dortmund,2,4,True
2023/24,2023-09-16,4,Mainz,Stuttgart,1,3,True
2023/24,2023-09-16,4,RB Leipzig,Augsburg,3,0,True
2023/24,2023-09-16,4,Wolfsburg,Union Berlin,2,1,True
2023/24,2023-09-17,4,Darmstadt,M'gladbach,3,3,True
2023/24,2023-09-17,4,Heidenheim,Werder Bremen,4,2,True
2023/24,2023-09-22,5,Stuttgart,Darmstadt,3,1,True
2023/24,2023-09-23,5,Augsburg,Mainz,2,1,True
2023/24,2023-09-23,5,Bayern Munich,Bochum,7,0,True
2023/24,2023-09-23,5,Dortmund,Wolfsburg,1,0,True
2023/24,2023-09-23,5,M'gladbach,RB Leipzig,0,1,True
2023/24,2023-09-23,5,Union Berlin,Hoffenheim,0,2,True
2023/24,2023-09-23,5,Werder Bremen,FC Koln,2,1,True
2023/24,2023-09-24,5,Ein Frankfurt,Freiburg,0,0,True
2023/24,2023-09-24,5,Leverkusen,Heidenheim,4,1,True
2023/24,2023-09-29,6,Hoffenheim,Dortmund,1,3,True
2023/24,2023-09-30,6,Bochum,M'gladbach,1,3,True
2023/24,2023-09-30,6,FC Koln,Stuttgart,0,2,True
2023/24,2023-09-30,6,Heidenheim,Union Berlin,1,0,True
2023/24,2023-09-30,6,Mainz,Leverkusen,0,3,True
2023/24,2023-09-30,6,RB Leipzig,Bayern Munich,2,2,True
2023/24,2023-09-30,6,Wolfsburg,Ein Frankfurt,2,0,True
2023/24,2023-10-01,6,Darmstadt,Werder Bremen,4,2,True
2023/24,2023-10-01,6,Freiburg,Augsburg,2,0,True
2023/24,2023-10-06,7,M'gladbach,Mainz,2,2,True
2023/24,2023-10-07,7,Augsburg,Darmstadt,1,2,True
2023/24,2023-10-07,7,Dortmund,Union Berlin,4,2,True
2023/24,2023-10-07,7,RB Leipzig,Bochum,0,0,True
2023/24,2023-10-07,7,Stuttgart,Wolfsburg,3,1,True
2023/24,2023-10-07,7,Werder Bremen,Hoffenheim,2,3,True
2023/24,2023-10-08,7,Bayern Munich,Freiburg,3,0,True
2023/24,2023-10-08,7,Ein Frankfurt,Heidenheim,2,0,True
2023/24,2023-10-08,7,Leverkusen,FC Koln,3,0,True
2023/24,2023-10-20,8,Dortmund,Werder Bremen,1,0,True
2023/24,2023-10-21,8,Darmstadt,RB Leipzig,1,3,True
2023/24,2023-10-21,8,Freiburg,Bochum,2,1,True
2023/24,2023-10-21,8,Hoffenheim,Ein Frankfurt,1,3,True
2023/24,2023-10-21,8,Mainz,Bayern Munich,1,3,True
2023/24,2023-10-21,8,Union Berlin,Stuttgart,0,3,True
2023/24,2023-10-21,8,Wolfsburg,Leverkusen,1,2,True
2023/24,2023-10-22,8,FC Koln,M'gladbach,3,1,True
2023/24,2023-10-22,8,Heidenheim,Augsburg,2,5,True
2023/24,2023-10-27,9,Bochum,Mainz,2,2,True
2023/24,2023-10-28,9,Augsburg,Wolfsburg,3,2,True
2023/24,2023-10-28,9,Bayern Munich,Darmstadt,8,0,True
2023/24,2023-10-28,9,M'gladbach,Heidenheim,2,1,True
2023/24,2023-10-28,9,RB Leipzig,FC Koln,6,0,True
2023/24,2023-10-28,9,Stuttgart,Hoffenheim,2,3,True
2023/24,2023-10-28,9,Werder Bremen,Union Berlin,2,0,True
2023/24,2023-10-29,9,Ein Frankfurt,Dortmund,3,3,True
2023/24,2023-10-29,9,Leverkusen,Freiburg,2,1,True
2023/24,2023-11-03,10,Darmstadt,Bochum,1,2,True
2023/24,2023-11-04,10,Dortmund,Bayern Munich,0,4,True
2023/24,2023-11-04,10,FC Koln,Augsburg,1,1,True
2023/24,2023-11-04,10,Freiburg,M'gladbach,3,3,True
2023/24,2023-11-04,10,Hoffenheim,Leverkusen,2,3,True
2023/24,2023-11-04,10,Mainz,RB Leipzig,2,0,True
2023/24,2023-11-04,10,Union Berlin,Ein Frankfurt,0,3,True
2023/24,2023-11-05,10,Heidenheim,Stuttgart,2,0,True
2023/24,2023-11-05,10,Wolfsburg,Werder Bremen,2,2,True
2023/24,2023-11-10,11,M'gladbach,Wolfsburg,4,0,True
2023/24,2023-11-11,11,Augsburg,Hoffenheim,1,1,True
2023/24,2023-11-11,11,Bayern Munich,Heidenheim,4,2,True
2023/24,2023-11-11,11,Bochum,FC Koln,1,1,True
2023/24,2023-11-11,11,Darmstadt,Mainz,0,0,True
2023/24,2023-11-11,11,Stuttgart,Dortmund,2,1,True
2023/24,2023-11-12,11,Leverkusen,Union Berlin,4,0,True
2023/24,2023-11-12,11,RB Leipzig,Freiburg,3,1,True
2023/24,2023-11-12,11,Werder Bremen,Ein Frankfurt,2,2,True
2023/24,2023-11-24,12,FC Koln,Bayern Munich,0,1,True
2023/24,2023-11-25,12,Dortmund,M'gladbach,4,2,True
2023/24,2023-11-25,12,Ein Frankfurt,Stuttgart,1,2,True
2023/24,2023-11-25,12,Freiburg,Darmstadt,1,1,True
2023/24,2023-11-25,12,Union Berlin,Augsburg,1,1,True
2023/24,2023-11-25,12,Werder Bremen,Leverkusen,0,3,True
2023/24,2023-11-25,12,Wolfsburg,RB Leipzig,2,1,True
2023/24,2023-11-26,12,Heidenheim,Bochum,0,0,True
2023/24,2023-11-26,12,Hoffenheim,Mainz,1,1,True
2023/24,2023-12-01,13,Darmstadt,FC Koln,0,1,True
2023/24,2023-12-02,13,Bochum,Wolfsburg,3,1,True
2023/24,2023-12-02,13,M'gladbach,Hoffenheim,2,1,True
2023/24,2023-12-02,13,RB Leipzig,Heidenheim,2,1,True
2023/24,2023-12-02,13,Stuttgart,Werder Bremen,2,0,True
2023/24,2023-12-03,13,Augsburg,Ein Frankfurt,2,1,True
2023/24,2023-12-03,13,Leverkusen,Dortmund,1,1,True
2023/24,2023-12-03,13,Mainz,Freiburg,0,1,True
2023/24,2023-12-08,14,Hoffenheim,Bochum,3,1,True
2023/24,2023-12-09,14,Dortmund,RB Leipzig,2,3,True
2023/24,2023-12-09,14,Ein Frankfurt,Bayern Munich,5,1,True
2023/24,2023-12-09,14,Heidenheim,Darmstadt,3,2,True
2023/24,2023-12-09,14,Union Berlin,M'gladbach,3,1,True
2023/24,2023-12-09,14,Werder Bremen,Augsburg,2,0,True
2023/24,2023-12-09,14,Wolfsburg,Freiburg,0,1,True
2023/24,2023-12-10,14,FC Koln,Mainz,0,0,True
2023/24,2023-12-10,14,Stuttgart,Leverkusen,1,1,True
2023/24,2023-12-15,15,M'gladbach,Werder Bremen,2,2,True
2023/24,2023-12-16,15,Augsburg,Dortmund,1,1,True
2023/24,2023-12-16,15,Bochum,Union Berlin,3,0,True
2023/24,2023-12-16,15,Darmstadt,Wolfsburg,0,1,True
2023/24,2023-12-16,15,Mainz,Heidenheim,0,1,True
2023/24,2023-12-16,15,RB Leipzig,Hoffenheim,3,1,True
2023/24,2023-12-17,15,Bayern Munich,Stuttgart,3,0,True
2023/24,2023-12-17,15,Freiburg,FC Koln,2,0,True
2023/24,2023-12-17,15,Leverkusen,Ein Frankfurt,3,0,True
2023/24,2023-12-19,16,Dortmund,Mainz,1,1,True
2023/24,2023-12-19,16,Hoffenheim,Darmstadt,3,3,True
2023/24,2023-12-19,16,Werder Bremen,RB Leipzig,1,1,True
2023/24,2023-12-20,16,Ein Frankfurt,M'gladbach,2,1,True
2023/24,2023-12-20,16,Heidenheim,Freiburg,3,2,True
2023/24,2023-12-20,16,Leverkusen,Bochum,4,0,True
2023/24,2023-12-20,16,Stuttgart,Augsburg,3,0,True
2023/24,2023-12-20,16,Union Berlin,FC Koln,2,0,True
2023/24,2023-12-20,16,Wolfsburg,Bayern Munich,1,2,True
2023/24,2024-01-12,17,Bayern Munich,Hoffenheim,3,0,True
2023/24,2024-01-13,17,Augsburg,Leverkusen,0,1,True
2023/24,2024-01-13,17,Darmstadt,Dortmund,0,3,True
2023/24,2024-01-13,17,FC Koln,Heidenheim,1,1,True
2023/24,2024-01-13,17,Freiburg,Union Berlin,0,0,True
2023/24,2024-01-13,17,Mainz,Wolfsburg,1,1,True
2023/24,2024-01-13,17,RB Leipzig,Ein Frankfurt,0,1,True
2023/24,2024-01-14,17,Bochum,Werder Bremen,1,1,True
2023/24,2024-01-14,17,M'gladbach,Stuttgart,3,1,True
2023/24,2024-01-20,18,Bochum,Stuttgart,1,0,True
2023/24,2024-01-20,18,Darmstadt,Ein Frankfurt,2,2,True
2023/24,2024-01-20,18,FC Koln,Dortmund,0,4,True
2023/24,2024-01-20,18,Freiburg,Hoffenheim,3,2,True
2023/24,2024-01-20,18,Heidenheim,Wolfsburg,1,1,True
2023/24,2024-01-20,18,RB Leipzig,Leverkusen,2,3,True
2023/24,2024-01-21,18,Bayern Munich,Werder Bremen,0,1,True
2023/24,2024-01-21,18,M'gladbach,Augsburg,1,2,True
2023/24,2024-01-24,13,Bayern Munich,Union Berlin,1,0,True
2023/24,2024-01-26,19,Ein Frankfurt,Mainz,1,0,True
2023/24,2024-01-27,19,Augsburg,Bayern Munich,2,3,True
2023/24,2024-01-27,19,Hoffenheim,Heidenheim,1,1,True
2023/24,2024-01-27,19,Leverkusen,M'gladbach,0,0,True
2023/24,2024-01-27,19,Stuttgart,RB Leipzig,5,2,True
2023/24,2024-01-27,19,Werder Bremen,Freiburg,3,1,True
2023/24,2024-01-27,19,Wolfsburg,FC Koln,1,1,True
2023/24,2024-01-28,19,Dortmund,Bochum,3,1,True
2023/24,2024-01-28,19,Union Berlin,Darmstadt,1,0,True
2023/24,2024-02-02,20,Heidenheim,Dortmund,0,0,True
2023/24,2024-02-03,20,Bayern Munich,M'gladbach,3,1,True
2023/24,2024-02-03,20,Bochum,Augsburg,1,1,True
2023/24,2024-02-03,20,Darmstadt,Leverkusen,0,2,True
2023/24,2024-02-03,20,FC Koln,Ein Frankfurt,2,0,True
2023/24,2024-02-03,20,Freiburg,Stuttgart,1,3,True
2023/24,2024-02-03,20,Mainz,Werder Bremen,0,1,True
2023/24,2024-02-04,20,RB Leipzig,Union Berlin,2,0,True
2023/24,2024-02-04,20,Wolfsburg,Hoffenheim,2,2,True
2023/24,2024-02-07,18,Mainz,Union Berlin,1,1,True
2023/24,2024-02-09,21,Dortmund,Freiburg,3,0,True
2023/24,2024-02-10,21,Augsburg,RB Leipzig,2,2,True
2023/24,2024-02-10,21,Ein Frankfurt,Bochum,1,1,True
2023/24,2024-02-10,21,Leverkusen,Bayern Munich,3,0,True
2023/24,2024-02-10,21,M'gladbach,Darmstadt,0,0,True
2023/24,2024-02-10,21,Union Berlin,Wolfsburg,1,0,True
2023/24,2024-02-10,21,Werder Bremen,Heidenheim,1,2,True
2023/24,2024-02-11,21,Hoffenheim,FC Koln,1,1,True
2023/24,2024-02-11,21,Stuttgart,Mainz,3,1,True
2023/24,2024-02-16,22,FC Koln,Werder Bremen,0,1,True
2023/24,2024-02-17,22,Darmstadt,Stuttgart,1,2,True
2023/24,2024-02-17,22,Heidenheim,Leverkusen,1,2,True
2023/24,2024-02-17,22,Hoffenheim,Union Berlin,0,1,True
2023/24,2024-02-17,22,Mainz,Augsburg,1,0,True
2023/24,2024-02-17,22,RB Leipzig,M'gladbach,2,0,True
2023/24,2024-02-17,22,Wolfsburg,Dortmund,1,1,True
2023/24,2024-02-18,22,Bochum,Bayern Munich,3,2,True
2023/24,2024-02-18,22,Freiburg,Ein Frankfurt,3,3,True
2023/24,2024-02-23,23,Leverkusen,Mainz,2,1,True
2023/24,2024-02-24,23,Bayern Munich,RB Leipzig,2,1,True
2023/24,2024-02-24,23,M'gladbach,Bochum,5,2,True
2023/24,2024-02-24,23,Stuttgart,FC Koln,1,1,True
2023/24,2024-02-24,23,Union Berlin,Heidenheim,2,2,True
2023/24,2024-02-24,23,Werder Bremen,Darmstadt,1,1,True
2023/24,2024-02-25,23,Augsburg,Freiburg,2,1,True
2023/24,2024-02-25,23,Dortmund,Hoffenheim,2,3,True
2023/24,2024-02-25,23,Ein Frankfurt,Wolfsburg,2,2,True
2023/24,2024-03-01,24,Freiburg,Bayern Munich,2,2,True
2023/24,2024-03-02,24,Bochum,RB Leipzig,1,4,True
2023/24,2024-03-02,24,Darmstadt,Augsburg,0,6,True
2023/24,2024-03-02,24,Heidenheim,Ein Frankfurt,1,2,True
2023/24,2024-03-02,24,Mainz,M'gladbach,1,1,True
2023/24,2024-03-02,24,Union Berlin,Dortmund,0,2,True
2023/24,2024-03-02,24,Wolfsburg,Stuttgart,2,3,True
2023/24,2024-03-03,24,FC Koln,Leverkusen,0,2,True
2023/24,2024-03-03,24,Hoffenheim,Werder Bremen,2,1,True
2023/24,2024-03-08,25,Stuttgart,Union Berlin,2,0,True
2023/24,2024-03-09,25,Augsburg,Heidenheim,1,0,True
2023/24,2024-03-09,25,Bayern Munich,Mainz,8,1,True
2023/24,2024-03-09,25,M'gladbach,FC Koln,3,3,True
2023/24,2024-03-09,25,RB Leipzig,Darmstadt,2,0,True
2023/24,2024-03-09,25,Werder Bremen,Dortmund,1,2,True
2023/24,2024-03-10,25,Bochum,Freiburg,1,2,True
2023/24,2024-03-10,25,Ein Frankfurt,Hoffenheim,3,1,True
2023/24,2024-03-10,25,Leverkusen,Wolfsburg,2,0,True
2023/24,2024-03-15,26,FC Koln,RB Leipzig,1,5,True
2023/24,2024-03-16,26,Darmstadt,Bayern Munich,2,5,True
2023/24,2024-03-16,26,Heidenheim,M'gladbach,1,1,True
2023/24,2024-03-16,26,Hoffenheim,Stuttgart,0,3,True
2023/24,2024-03-16,26,Mainz,Bochum,2,0,True
2023/24,2024-03-16,26,Union Berlin,Werder Bremen,2,1,True
2023/24,2024-03-16,26,Wolfsburg,Augsburg,1,3,True
2023/24,2024-03-17,26,Dortmund,Ein Frankfurt,3,1,True
2023/24,2024-03-17,26,Freiburg,Leverkusen,2,3,True
2023/24,2024-03-30,27,Bayern Munich,Dortmund,0,2,True
2023/24,2024-03-30,27,Ein Frankfurt,Union Berlin,0,0,True
2023/24,2024-03-30,27,Leverkusen,Hoffenheim,2,1,True
2023/24,2024-03-30,27,M'gladbach,Freiburg,0,3,True
2023/24,2024-03-30,27,RB Leipzig,Mainz,0,0,True
2023/24,2024-03-30,27,Werder Bremen,Wolfsburg,0,2,True
2023/24,2024-03-31,27,Augsburg,FC Koln,1,1,True
2023/24,2024-03-31,27,Bochum,Darmstadt,2,2,True
2023/24,2024-03-31,27,Stuttgart,Heidenheim,3,3,True
2023/24,2024-04-05,28,Ein Frankfurt,Werder Bremen,1,1,True
2023/24,2024-04-06,28,Dortmund,Stuttgart,0,1,True
2023/24,2024-04-06,28,FC Koln,Bochum,2,1,True
2023/24,2024-04-06,28,Freiburg,RB Leipzig,1,4,True
2023/24,2024-04-06,28,Heidenheim,Bayern Munich,3,2,True
2023/24,2024-04-06,28,Mainz,Darmstadt,4,0,True
2023/24,2024-04-06,28,Union Berlin,Leverkusen,0,1,True
2023/24,2024-04-07,28,Hoffenheim,Augsburg,3,1,True
2023/24,2024-04-07,28,Wolfsburg,M'gladbach,1,3,True
2023/24,2024-04-12,29,Augsburg,Union Berlin,2,0,True
2023/24,2024-04-13,29,Bayern Munich,FC Koln,2,0,True
2023/24,2024-04-13,29,Bochum,Heidenheim,1,1,True
2023/24,2024-04-13,29,M'gladbach,Dortmund,1,2,True
2023/24,2024-04-13,29,Mainz,Hoffenheim,4,1,True
2023/24,2024-04-13,29,RB Leipzig,Wolfsburg,3,0,True
2023/24,2024-04-13,29,Stuttgart,Ein Frankfurt,3,0,True
2023/24,2024-04-14,29,Darmstadt,Freiburg,0,1,True
2023/24,2024-04-14,29,Leverkusen,Werder Bremen,5,0,True
2023/24,2024-04-19,30,Ein Frankfurt,Augsburg,3,1,True
2023/24,2024-04-20,30,FC Koln,Darmstadt,0,2,True
2023/24,2024-04-20,30,Heidenheim,RB Leipzig,1,2,True
2023/24,2024-04-20,30,Hoffenheim,M'gladbach,4,3,True
2023/24,2024-04-20,30,Union Berlin,Bayern Munich,1,5,True
2023/24,2024-04-20,30,Wolfsburg,Bochum,1,0,True
2023/24,2024-04-21,30,Dortmund,Leverkusen,1,1,True
2023/24,2024-04-21,30,Freiburg,Mainz,1,1,True
2023/24,2024-04-21,30,Werder Bremen,Stuttgart,2,1,True
2023/24,2024-04-26,31,Bochum,Hoffenheim,3,2,True
2023/24,2024-04-27,31,Augsburg,Werder Bremen,0,3,True
2023/24,2024-04-27,31,Bayern Munich,Ein Frankfurt,2,1,True
2023/24,2024-04-27,31,Freiburg,Wolfsburg,1,2,True
2023/24,2024-04-27,31,Leverkusen,Stuttgart,2,2,True
2023/24,2024-04-27,31,RB Leipzig,Dortmund,4,1,True
2023/24,2024-04-28,31,Darmstadt,Heidenheim,0,1,True
2023/24,2024-04-28,31,M'gladbach,Union Berlin,0,0,True
2023/24,2024-04-28,31,Mainz,FC Koln,1,1,True
2023/24,2024-05-03,32,Hoffenheim,RB Leipzig,1,1,True
2023/24,2024-05-04,32,Dortmund,Augsburg,5,1,True
2023/24,2024-05-04,32,FC Koln,Freiburg,0,0,True
2023/24,2024-05-04,32,Stuttgart,Bayern Munich,3,1,True
2023/24,2024-05-04,32,Werder Bremen,M'gladbach,2,2,True
2023/24,2024-05-04,32,Wolfsburg,Darmstadt,3,0,True
2023/24,2024-05-05,32,Ein Frankfurt,Leverkusen,1,5,True
2023/24,2024-05-05,32,Heidenheim,Mainz,1,1,True
2023/24,2024-05-05,32,Union Berlin,Bochum,3,4,True
2023/24,2024-05-10,33,Augsburg,Stuttgart,0,1,True
2023/24,2024-05-11,33,FC Koln,Union Berlin,3,2,True
2023/24,2024-05-11,33,Freiburg,Heidenheim,1,1,True
2023/24,2024-05-11,33,M'gladbach,Ein Frankfurt,1,1,True
2023/24,2024-05-11,33,Mainz,Dortmund,3,0,True
2023/24,2024-05-11,33,RB Leipzig,Werder Bremen,1,1,True
2023/24,2024-05-12,33,Bayern Munich,Wolfsburg,2,0,True
2023/24,2024-05-12,33,Bochum,Leverkusen,0,5,True
2023/24,2024-05-12,33,Darmstadt,Hoffenheim,0,6,True
2023/24,2024-05-18,34,Dortmund,Darmstadt,4,0,True
2023/24,2024-05-18,34,Ein Frankfurt,RB Leipzig,2,2,True
2023/24,2024-05-18,34,Heidenheim,FC Koln,4,1,True
2023/24,2024-05-18,34,Hoffenheim,Bayern Munich,4,2,True
2023/24,2024-05-18,34,Leverkusen,Augsburg,2,1,True
2023/24,2024-05-18,34,Stuttgart,M'gladbach,4,0,True
2023/24,2024-05-18,34,Union Berlin,Freiburg,2,1,True
2023/24,2024-05-18,34,Werder Bremen,Bochum,4,1,True
2023/24,2024-05-18,34,Wolfsburg,Mainz,1,3,True
2024/25,2024-08-23,1,M'gladbach,Leverkusen,2,3,True
2024/25,2024-08-24,1,Augsburg,Werder Bremen,2,2,True
2024/25,2024-08-24,1,Dortmund,Ein Frankfurt,2,0,True
2024/25,2024-08-24,1,Freiburg,Stuttgart,3,1,True
2024/25,2024-08-24,1,Hoffenheim,Holstein Kiel,3,2,True
2024/25,2024-08-24,1,Mainz,Union Berlin,1,1,True
2024/25,2024-08-24,1,RB Leipzig,Bochum,1,0,True
2024/25,2024-08-25,1,St Pauli,Heidenheim,0,2,True
2024/25,2024-08-25,1,Wolfsburg,Bayern Munich,2,3,True
2024/25,2024-08-30,2,Union Berlin,St Pauli,1,0,True
2024/25,2024-08-31,2,Bochum,M'gladbach,0,2,True
2024/25,2024-08-31,2,Ein Frankfurt,Hoffenheim,3,1,True
2024/25,2024-08-31,2,Holstein Kiel,Wolfsburg,0,2,True
2024/25,2024-08-31,2,Leverkusen,RB Leipzig,2,3,True
2024/25,2024-08-31,2,Stuttgart,Mainz,3,3,True
2024/25,2024-08-31,2,Werder Bremen,Dortmund,0,0,True
2024/25,2024-09-01,2,Bayern Munich,Freiburg,2,0,True
2024/25,2024-09-01,2,Heidenheim,Augsburg,4,0,True
2024/25,2024-09-13,3,Dortmund,Heidenheim,4,2,True
2024/25,2024-09-14,3,Freiburg,Bochum,2,1,True
2024/25,2024-09-14,3,Hoffenheim,Leverkusen,1,4,True
2024/25,2024-09-14,3,Holstein Kiel,Bayern Munich,1,6,True
2024/25,2024-09-14,3,M'gladbach,Stuttgart,1,3,True
2024/25,2024-09-14,3,RB Leipzig,Union Berlin,0,0,True
2024/25,2024-09-14,3,Wolfsburg,Ein Frankfurt,1,2,True
2024/25,2024-09-15,3,Augsburg,St Pauli,3,1,True
2024/25,2024-09-15,3,Mainz,Werder Bremen,1,2,True
2024/25,2024-09-20,4,Augsburg,Mainz,2,3,True
2024/25,2024-09-21,4,Bochum,Holstein Kiel,2,2,True
2024/25,2024-09-21,4,Ein Frankfurt,M'gladbach,2,0,True
2024/25,2024-09-21,4,Heidenheim,Freiburg,0,3,True
2024/25,2024-09-21,4,Union Berlin,Hoffenheim,2,1,True
2024/25,2024-09-21,4,Werder Bremen,Bayern Munich,0,5,True
2024/25,2024-09-22,4,Leverkusen,Wolfsburg,4,3,True
2024/25,2024-09-22,4,St Pauli,RB Leipzig,0,0,True
2024/25,2024-09-22,4,Stuttgart,Dortmund,5,1,True
2024/25,2024-09-27,5,Dortmund,Bochum,4,2,True
2024/25,2024-09-28,5,Bayern Munich,Leverkusen,1,1,True
2024/25,2024-09-28,5,Freiburg,St Pauli,0,3,True
2024/25,2024-09-28,5,M'gladbach,Union Berlin,1,0,True
2024/25,2024-09-28,5,Mainz,Heidenheim,0,2,True
2024/25,2024-09-28,5,RB Leipzig,Augsburg,4,0,True
2024/25,2024-09-28,5,Wolfsburg,Stuttgart,2,2,True
2024/25,2024-09-29,5,Hoffenheim,Werder Bremen,3,4,True
2024/25,2024-09-29,5,Holstein Kiel,Ein Frankfurt,2,4,True
2024/25,2024-10-04,6,Augsburg,M'gladbach,2,1,True
2024/25,2024-10-05,6,Bochum,Wolfsburg,1,3,True
2024/25,2024-10-05,6,Leverkusen,Holstein Kiel,2,2,True
2024/25,2024-10-05,6,St Pauli,Mainz,0,3,True
2024/25,2024-10-05,6,Union Berlin,Dortmund,2,1,True
2024/25,2024-10-05,6,Werder Bremen,Freiburg,0,1,True
2024/25,2024-10-06,6,Ein Frankfurt,Bayern Munich,3,3,True
2024/25,2024-10-06,6,Heidenheim,RB Leipzig,0,1,True
2024/25,2024-10-06,6,Stuttgart,Hoffenheim,1,1,True
2024/25,2024-10-18,7,Dortmund,St Pauli,2,1,True
2024/25,2024-10-19,7,Bayern Munich,Stuttgart,4,0,True
2024/25,2024-10-19,7,Freiburg,Augsburg,3,1,True
2024/25,2024-10-19,7,Hoffenheim,Bochum,3,1,True
2024/25,2024-10-19,7,Leverkusen,Ein Frankfurt,2,1,True
2024/25,2024-10-19,7,M'gladbach,Heidenheim,3,2,True
2024/25,2024-10-19,7,Mainz,RB Leipzig,0,2,True
2024/25,2024-10-20,7,Holstein Kiel,Union Berlin,0,2,True
2024/25,2024-10-20,7,Wolfsburg,Werder Bremen,2,4,True
2024/25,2024-10-25,8,Mainz,M'gladbach,1,1,True
2024/25,2024-10-26,8,Augsburg,Dortmund,2,1,True
2024/25,2024-10-26,8,RB Leipzig,Freiburg,3,1,True
2024/25,2024-10-26,8,St Pauli,Wolfsburg,0,0,True
2024/25,2024-10-26,8,Stuttgart,Holstein Kiel,2,1,True
2024/25,2024-10-26,8,Werder Bremen,Leverkusen,2,2,True
2024/25,2024-10-27,8,Bochum,Bayern Munich,0,5,True
2024/25,2024-10-27,8,Heidenheim,Hoffenheim,0,0,True
2024/25,2024-10-27,8,Union Berlin,Ein Frankfurt,1,1,True
2024/25,2024-11-01,9,Leverkusen,Stuttgart,0,0,True
2024/25,2024-11-02,9,Bayern Munich,Union Berlin,3,0,True
2024/25,2024-11-02,9,Dortmund,RB Leipzig,2,1,True
2024/25,2024-11-02,9,Ein Frankfurt,Bochum,7,2,True
2024/25,2024-11-02,9,Hoffenheim,St Pauli,0,2,True
2024/25,2024-11-02,9,Holstein Kiel,Heidenheim,1,0,True
2024/25,2024-11-02,9,Wolfsburg,Augsburg,1,1,True
2024/25,2024-11-03,9,Freiburg,Mainz,0,0,True
2024/25,2024-11-03,9,M'gladbach,Werder Bremen,4,1,True
2024/25,2024-11-08,10,Union Berlin,Freiburg,0,0,True
2024/25,2024-11-09,10,Bochum,Leverkusen,1,1,True
2024/25,2024-11-09,10,Mainz,Dortmund,3,1,True
2024/25,2024-11-09,10,RB Leipzig,M'gladbach,0,0,True
2024/25,2024-11-09,10,St Pauli,Bayern Munich,0,1,True
2024/25,2024-11-09,10,Werder Bremen,Holstein Kiel,2,1,True
2024/25,2024-11-10,10,Augsburg,Hoffenheim,0,0,True
2024/25,2024-11-10,10,Heidenheim,Wolfsburg,1,3,True
2024/25,2024-11-10,10,Stuttgart,Ein Frankfurt,2,3,True
2024/25,2024-11-22,11,Bayern Munich,Augsburg,3,0,True
2024/25,2024-11-23,11,Dortmund,Freiburg,4,0,True
2024/25,2024-11-23,11,Ein Frankfurt,Werder Bremen,1,0,True
2024/25,2024-11-23,11,Hoffenheim,RB Leipzig,4,3,True
2024/25,2024-11-23,11,Leverkusen,Heidenheim,5,2,True
2024/25,2024-11-23,11,Stuttgart,Bochum,2,0,True
2024/25,2024-11-23,11,Wolfsburg,Union Berlin,1,0,True
2024/25,2024-11-24,11,Holstein Kiel,Mainz,0,3,True
2024/25,2024-11-24,11,M'gladbach,St Pauli,2,0,True
2024/25,2024-11-29,12,St Pauli,Holstein Kiel,3,1,True
2024/25,2024-11-30,12,Augsburg,Bochum,1,0,True
2024/25,2024-11-30,12,Dortmund,Bayern Munich,1,1,True
2024/25,2024-11-30,12,Freiburg,M'gladbach,3,1,True
2024/25,2024-11-30,12,RB Leipzig,Wolfsburg,1,5,True
2024/25,2024-11-30,12,Union Berlin,Leverkusen,1,2,True
2024/25,2024-11-30,12,Werder Bremen,Stuttgart,2,2,True
2024/25,2024-12-01,12,Heidenheim,Ein Frankfurt,0,4,True
2024/25,2024-12-01,12,Mainz,Hoffenheim,2,0,True
2024/25,2024-12-06,13,Stuttgart,Union Berlin,3,2,True
2024/25,2024-12-07,13,Bayern Munich,Heidenheim,4,2,True
2024/25,2024-12-07,13,Bochum,Werder Bremen,0,1,True
2024/25,2024-12-07,13,Ein Frankfurt,Augsburg,2,2,True
2024/25,2024-12-07,13,Holstein Kiel,RB Leipzig,0,2,True
2024/25,2024-12-07,13,Leverkusen,St Pauli,2,1,True
2024/25,2024-12-07,13,M'gladbach,Dortmund,1,1,True
2024/25,2024-12-08,13,Hoffenheim,Freiburg,1,1,True
2024/25,2024-12-08,13,Wolfsburg,Mainz,4,3,True
2024/25,2024-12-13,14,Freiburg,Wolfsburg,3,2,True
2024/25,2024-12-14,14,Augsburg,Leverkusen,0,2,True
2024/25,2024-12-14,14,M'gladbach,Holstein Kiel,4,1,True
2024/25,2024-12-14,14,Mainz,Bayern Munich,2,1,True
2024/25,2024-12-14,14,St Pauli,Werder Bremen,0,2,True
2024/25,2024-12-14,14,Union Berlin,Bochum,0,2,True
2024/25,2024-12-15,14,Dortmund,Hoffenheim,1,1,True
2024/25,2024-12-15,14,Heidenheim,Stuttgart,1,3,True
2024/25,2024-12-15,14,RB Leipzig,Ein Frankfurt,2,1,True
2024/25,2024-12-20,15,Bayern Munich,RB Leipzig,5,1,True
2024/25,2024-12-21,15,Ein Frankfurt,Mainz,1,3,True
2024/25,2024-12-21,15,Hoffenheim,M'gladbach,1,2,True
2024/25,2024-12-21,15,Holstein Kiel,Augsburg,5,1,True
2024/25,2024-12-21,15,Leverkusen,Freiburg,5,1,True
2024/25,2024-12-21,15,Stuttgart,St Pauli,0,1,True
2024/25,2024-12-21,15,Werder Bremen,Union Berlin,4,1,True
2024/25,2024-12-22,15,Bochum,Heidenheim,2,0,True
2024/25,2024-12-22,15,Wolfsburg,Dortmund,1,3,True
2024/25,2025-01-10,16,Dortmund,Leverkusen,2,3,True
2024/25,2025-01-11,16,Freiburg,Holstein Kiel,3,2,True
2024/25,2025-01-11,16,Heidenheim,Union Berlin,2,0,True
2024/25,2025-01-11,16,Hoffenheim,Wolfsburg,0,1,True
2024/25,2025-01-11,16,M'gladbach,Bayern Munich,0,1,True
2024/25,2025-01-11,16,Mainz,Bochum,2,0,True
2024/25,2025-01-11,16,St Pauli,Ein Frankfurt,0,1,True
2024/25,2025-01-12,16,Augsburg,Stuttgart,0,1,True
2024/25,2025-01-12,16,RB Leipzig,Werder Bremen,4,2,True
2024/25,2025-01-14,17,Ein Frankfurt,Freiburg,4,1,True
2024/25,2025-01-14,17,Holstein Kiel,Dortmund,4,2,True
2024/25,2025-01-14,17,Leverkusen,Mainz,1,0,True
2024/25,2025-01-14,17,Wolfsburg,M'gladbach,5,1,True
2024/25,2025-01-15,17,Bayern Munich,Hoffenheim,5,0,True
2024/25,2025-01-15,17,Bochum,St Pauli,1,0,True
2024/25,2025-01-15,17,Stuttgart,RB Leipzig,2,1,True
2024/25,2025-01-15,17,Union Berlin,Augsburg,0,2,True
2024/25,2025-01-15,17,Werder Bremen,Heidenheim,3,3,True
2024/25,2025-01-17,18,Ein Frankfurt,Dortmund,2,0,True
2024/25,2025-01-18,18,Bayern Munich,Wolfsburg,3,2,True
2024/25,2025-01-18,18,Bochum,RB Leipzig,3,3,True
2024/25,2025-01-18,18,Heidenheim,St Pauli,0,2,True
2024/25,2025-01-18,18,Holstein Kiel,Hoffenheim,1,3,True
2024/25,2025-01-18,18,Leverkusen,M'gladbach,3,1,True
2024/25,2025-01-18,18,Stuttgart,Freiburg,4,0,True
2024/25,2025-01-19,18,Union Berlin,Mainz,2,1,True
2024/25,2025-01-19,18,Werder Bremen,Augsburg,0,2,True
2024/25,2025-01-24,19,Wolfsburg,Holstein Kiel,2,2,True
2024/25,2025-01-25,19,Augsburg,Heidenheim,2,1,True
2024/25,2025-01-25,19,Dortmund,Werder Bremen,2,2,True
2024/25,2025-01-25,19,Freiburg,Bayern Munich,1,2,True
2024/25,2025-01-25,19,M'gladbach,Bochum,3,0,True
2024/25,2025-01-25,19,Mainz,Stuttgart,2,0,True
2024/25,2025-01-25,19,RB Leipzig,Leverkusen,2,2,True
2024/25,2025-01-26,19,Hoffenheim,Ein Frankfurt,2,2,True
2024/25,2025-01-26,19,St Pauli,Union Berlin,3,0,True
2024/25,2025-01-31,20,Werder Bremen,Mainz,1,0,True
2024/25,2025-02-01,20,Bayern Munich,Holstein Kiel,4,3,True
2024/25,2025-02-01,20,Bochum,Freiburg,0,1,True
2024/25,2025-02-01,20,Heidenheim,Dortmund,1,2,True
2024/25,2025-02-01,20,St Pauli,Augsburg,1,1,True
2024/25,2025-02-01,20,Stuttgart,M'gladbach,1,2,True
2024/25,2025-02-01,20,Union Berlin,RB Leipzig,0,0,True
2024/25,2025-02-02,20,Ein Frankfurt,Wolfsburg,1,1,True
2024/25,2025-02-02,20,Leverkusen,Hoffenheim,3,1,True
2024/25,2025-02-07,21,Bayern Munich,Werder Bremen,3,0,True
2024/25,2025-02-08,21,Dortmund,Stuttgart,1,2,True
2024/25,2025-02-08,21,Freiburg,Heidenheim,1,0,True
2024/25,2025-02-08,21,Hoffenheim,Union Berlin,0,4,True
2024/25,2025-02-08,21,M'gladbach,Ein Frankfurt,1,1,True
2024/25,2025-02-08,21,Mainz,Augsburg,0,0,True
2024/25,2025-02-08,21,Wolfsburg,Leverkusen,0,0,True
2024/25,2025-02-09,21,Holstein Kiel,Bochum,2,2,True
2024/25,2025-02-09,21,RB Leipzig,St Pauli,2,0,True
2024/25,2025-02-14,22,Augsburg,RB Leipzig,0,0,True
2024/25,2025-02-15,22,Bochum,Dortmund,2,0,True
2024/25,2025-02-15,22,Leverkusen,Bayern Munich,0,0,True
2024/25,2025-02-15,22,St Pauli,Freiburg,0,1,True
2024/25,2025-02-15,22,Stuttgart,Wolfsburg,1,2,True
2024/25,2025-02-15,22,Union Berlin,M'gladbach,1,2,True
2024/25,2025-02-16,22,Ein Frankfurt,Holstein Kiel,3,1,True
2024/25,2025-02-16,22,Heidenheim,Mainz,0,2,True
2024/25,2025-02-16,22,Werder Bremen,Hoffenheim,1,3,True
2024/25,2025-02-21,23,Freiburg,Werder Bremen,5,0,True
2024/25,2025-02-22,23,Dortmund,Union Berlin,6,0,True
2024/25,2025-02-22,23,Holstein Kiel,Leverkusen,0,2,True
2024/25,2025-02-22,23,M'gladbach,Augsburg,0,3,True
2024/25,2025-02-22,23,Mainz,St Pauli,2,0,True
2024/25,2025-02-22,23,Wolfsburg,Bochum,1,1,True
2024/25,2025-02-23,23,Bayern Munich,Ein Frankfurt,4,0,True
2024/25,2025-02-23,23,Hoffenheim,Stuttgart,1,1,True
2024/25,2025-02-23,23,RB Leipzig,Heidenheim,2,2,True
2024/25,2025-02-28,24,Stuttgart,Bayern Munich,1,3,True
2024/25,2025-03-01,24,Bochum,Hoffenheim,0,1,True
2024/25,2025-03-01,24,Ein Frankfurt,Leverkusen,1,4,True
2024/25,2025-03-01,24,Heidenheim,M'gladbach,0,3,True
2024/25,2025-03-01,24,RB Leipzig,Mainz,1,2,True
2024/25,2025-03-01,24,St Pauli,Dortmund,0,2,True
2024/25,2025-03-01,24,Werder Bremen,Wolfsburg,1,2,True
2024/25,2025-03-02,24,Augsburg,Freiburg,0,0,True
2024/25,2025-03-02,24,Union Berlin,Holstein Kiel,0,1,True
2024/25,2025-03-07,25,M'gladbach,Mainz,1,3,True
2024/25,2025-03-08,25,Bayern Munich,Bochum,2,3,True
2024/25,2025-03-08,25,Dortmund,Augsburg,0,1,True
2024/25,2025-03-08,25,Freiburg,RB Leipzig,0,0,True
2024/25,2025-03-08,25,Holstein Kiel,Stuttgart,2,2,True
2024/25,2025-03-08,25,Leverkusen,Werder Bremen,0,2,True
2024/25,2025-03-08,25,Wolfsburg,St Pauli,1,1,True
2024/25,2025-03-09,25,Ein Frankfurt,Union Berlin,1,2,True
2024/25,2025-03-09,25,Hoffenheim,Heidenheim,1,1,True
2024/25,2025-03-14,26,St Pauli,Hoffenheim,1,0,True
2024/25,2025-03-15,26,Augsburg,Wolfsburg,1,0,True
2024/25,2025-03-15,26,Mainz,Freiburg,2,2,True
2024/25,2025-03-15,26,RB Leipzig,Dortmund,2,0,True
2024/25,2025-03-15,26,Union Berlin,Bayern Munich,1,1,True
2024/25,2025-03-15,26,Werder Bremen,M'gladbach,2,4,True
2024/25,2025-03-16,26,Bochum,Ein Frankfurt,1,3,True
2024/25,2025-03-16,26,Heidenheim,Holstein Kiel,3,1,True
2024/25,2025-03-16,26,Stuttgart,Leverkusen,3,4,True
2024/25,2025-03-28,27,Leverkusen,Bochum,3,1,True
2024/25,2025-03-29,27,Bayern Munich,St Pauli,3,2,True
2024/25,2025-03-29,27,Ein Frankfurt,Stuttgart,1,0,True
2024/25,2025-03-29,27,Hoffenheim,Augsburg,1,1,True
2024/25,2025-03-29,27,Holstein Kiel,Werder Bremen,0,3,True
2024/25,2025-03-29,27,M'gladbach,RB Leipzig,1,0,True
2024/25,2025-03-29,27,Wolfsburg,Heidenheim,0,1,True
2024/25,2025-03-30,27,Dortmund,Mainz,3,1,True
2024/25,2025-03-30,27,Freiburg,Union Berlin,1,2,True
2024/25,2025-04-04,28,Augsburg,Bayern Munich,1,3,True
2024/25,2025-04-05,28,Bochum,Stuttgart,0,4,True
2024/25,2025-04-05,28,Freiburg,Dortmund,1,4,True
2024/25,2025-04-05,28,Heidenheim,Leverkusen,0,1,True
2024/25,2025-04-05,28,Mainz,Holstein Kiel,1,1,True
2024/25,2025-04-05,28,RB Leipzig,Hoffenheim,3,1,True
2024/25,2025-04-05,28,Werder Bremen,Ein Frankfurt,2,0,True
2024/25,2025-04-06,28,St Pauli,M'gladbach,1,1,True
2024/25,2025-04-06,28,Union Berlin,Wolfsburg,1,0,True
2024/25,2025-04-11,29,Wolfsburg,RB Leipzig,2,3,True
2024/25,2025-04-12,29,Bayern Munich,Dortmund,2,2,True
2024/25,2025-04-12,29,Bochum,Augsburg,1,2,True
2024/25,2025-04-12,29,Hoffenheim,Mainz,2,0,True
2024/25,2025-04-12,29,Holstein Kiel,St Pauli,1,2,True
2024/25,2025-04-12,29,Leverkusen,Union Berlin,0,0,True
2024/25,2025-04-12,29,M'gladbach,Freiburg,1,2,True
2024/25,2025-04-13,29,Ein Frankfurt,Heidenheim,3,0,True
2024/25,2025-04-13,29,Stuttgart,Werder Bremen,1,2,True
2024/25,2025-04-19,30,Freiburg,Hoffenheim,3,2,True
2024/25,2025-04-19,30,Heidenheim,Bayern Munich,0,4,True
2024/25,2025-04-19,30,Mainz,Wolfsburg,2,2,True
2024/25,2025-04-19,30,RB Leipzig,Holstein Kiel,1,1,True
2024/25,2025-04-19,30,Union Berlin,Stuttgart,4,4,True
2024/25,2025-04-19,30,Werder Bremen,Bochum,1,0,True
2024/25,2025-04-20,30,Augsburg,Ein Frankfurt,0,0,True
2024/25,2025-04-20,30,Dortmund,M'gladbach,3,2,True
2024/25,2025-04-20,30,St Pauli,Leverkusen,1,1,True
2024/25,2025-04-25,31,Stuttgart,Heidenheim,0,1,True
2024/25,2025-04-26,31,Bayern Munich,Mainz,3,0,True
2024/25,2025-04-26,31,Ein Frankfurt,RB Leipzig,4,0,True
2024/25,2025-04-26,31,Hoffenheim,Dortmund,2,3,True
2024/25,2025-04-26,31,Holstein Kiel,M'gladbach,4,3,True
2024/25,2025-04-26,31,Leverkusen,Augsburg,2,0,True
2024/25,2025-04-26,31,Wolfsburg,Freiburg,0,1,True
2024/25,2025-04-27,31,Bochum,Union Berlin,1,1,True
2024/25,2025-04-27,31,Werder Bremen,St Pauli,0,0,True
2024/25,2025-05-02,32,Heidenheim,Bochum,0,0,True
2024/25,2025-05-03,32,Dortmund,Wolfsburg,4,0,True
2024/25,2025-05-03,32,M'gladbach,Hoffenheim,4,4,True
2024/25,2025-05-03,32,RB Leipzig,Bayern Munich,3,3,True
2024/25,2025-05-03,32,St Pauli,Stuttgart,0,1,True
2024/25,2025-05-03,32,Union Berlin,Werder Bremen,2,2,True
2024/25,2025-05-04,32,Augsburg,Holstein Kiel,1,3,True
2024/25,2025-05-04,32,Freiburg,Leverkusen,2,2,True
2024/25,2025-05-04,32,Mainz,Ein Frankfurt,1,1,True
2024/25,2025-05-09,33,Wolfsburg,Hoffenheim,2,2,True
2024/25,2025-05-10,33,Bayern Munich,M'gladbach,2,0,True
2024/25,2025-05-10,33,Bochum,Mainz,1,4,True
2024/25,2025-05-10,33,Holstein Kiel,Freiburg,1,2,True
2024/25,2025-05-10,33,Union Berlin,Heidenheim,0,3,True
2024/25,2025-05-10,33,Werder Bremen,RB Leipzig,0,0,True
2024/25,2025-05-11,33,Ein Frankfurt,St Pauli,2,2,True
2024/25,2025-05-11,33,Leverkusen,Dortmund,2,4,True
2024/25,2025-05-11,33,Stuttgart,Augsburg,4,0,True
2024/25,2025-05-17,34,Augsburg,Union Berlin,1,2,True
2024/25,2025-05-17,34,Dortmund,Holstein Kiel,3,0,True
2024/25,2025-05-17,34,Freiburg,Ein Frankfurt,1,3,True
2024/25,2025-05-17,34,Heidenheim,Werder Bremen,1,4,True
2024/25,2025-05-17,34,Hoffenheim,Bayern Munich,0,4,True
2024/25,2025-05-17,34,M'gladbach,Wolfsburg,0,1,True
2024/25,2025-05-17,34,Mainz,Leverkusen,2,2,True
2024/25,2025-05-17,34,RB Leipzig,Stuttgart,2,3,True
2024/25,2025-05-17,34,St Pauli,Bochum,0,2,True
2025/26,2025-08-22,1,Bayern Munich,RB Leipzig,6,0,True
2025/26,2025-08-23,1,Ein Frankfurt,Werder Bremen,4,1,True
2025/26,2025-08-23,1,Freiburg,Augsburg,1,3,True
2025/26,2025-08-23,1,Heidenheim,Wolfsburg,1,3,True
2025/26,2025-08-23,1,Leverkusen,Hoffenheim,1,2,True
2025/26,2025-08-23,1,St Pauli,Dortmund,3,3,True
2025/26,2025-08-23,1,Union Berlin,Stuttgart,2,1,True
2025/26,2025-08-24,1,M'gladbach,Hamburg,0,0,True
2025/26,2025-08-24,1,Mainz,FC Koln,0,1,True
2025/26,2025-08-29,2,Hamburg,St Pauli,0,2,True
2025/26,2025-08-30,2,Augsburg,Bayern Munich,2,3,True
2025/26,2025-08-30,2,Hoffenheim,Ein Frankfurt,1,3,True
2025/26,2025-08-30,2,RB Leipzig,Heidenheim,2,0,True
2025/26,2025-08-30,2,Stuttgart,M'gladbach,1,0,True
2025/26,2025-08-30,2,Werder Bremen,Leverkusen,3,3,True
2025/26,2025-08-31,2,Dortmund,Union Berlin,3,0,True
2025/26,2025-08-31,2,FC Koln,Freiburg,4,1,True
2025/26,2025-08-31,2,Wolfsburg,Mainz,1,1,True
2025/26,2025-09-12,3,Leverkusen,Ein Frankfurt,3,1,True
2025/26,2025-09-13,3,Bayern Munich,Hamburg,5,0,True
2025/26,2025-09-13,3,Freiburg,Stuttgart,3,1,True
2025/26,2025-09-13,3,Heidenheim,Dortmund,0,2,True
2025/26,2025-09-13,3,Mainz,RB Leipzig,0,1,True
2025/26,2025-09-13,3,Union Berlin,Hoffenheim,2,4,True
2025/26,2025-09-13,3,Wolfsburg,FC Koln,3,3,True
2025/26,2025-09-14,3,M'gladbach,Werder Bremen,0,4,True
2025/26,2025-09-14,3,St Pauli,Augsburg,2,1,True
2025/26,2025-09-19,4,Stuttgart,St Pauli,2,0,True
2025/26,2025-09-20,4,Augsburg,Mainz,1,4,True
2025/26,2025-09-20,4,Hamburg,Heidenheim,2,1,True
2025/26,2025-09-20,4,Hoffenheim,Bayern Munich,1,4,True
2025/26,2025-09-20,4,RB Leipzig,FC Koln,3,1,True
2025/26,2025-09-20,4,Werder Bremen,Freiburg,0,3,True
2025/26,2025-09-21,4,Dortmund,Wolfsburg,1,0,True
2025/26,2025-09-21,4,Ein Frankfurt,Union Berlin,3,4,True
2025/26,2025-09-21,4,Leverkusen,M'gladbach,1,1,True
2025/26,2025-09-26,5,Bayern Munich,Werder Bremen,4,0,True
2025/26,2025-09-27,5,Heidenheim,Augsburg,2,1,True
2025/26,2025-09-27,5,M'gladbach,Ein Frankfurt,4,6,True
2025/26,2025-09-27,5,Mainz,Dortmund,0,2,True
2025/26,2025-09-27,5,St Pauli,Leverkusen,1,2,True
2025/26,2025-09-27,5,Wolfsburg,RB Leipzig,0,1,True
2025/26,2025-09-28,5,FC Koln,Stuttgart,1,2,True
2025/26,2025-09-28,5,Freiburg,Hoffenheim,1,1,True
2025/26,2025-09-28,5,Union Berlin,Hamburg,0,0,True
2025/26,2025-10-03,6,Hoffenheim,FC Koln,0,1,True
2025/26,2025-10-04,6,Augsburg,Wolfsburg,3,1,True
2025/26,2025-10-04,6,Dortmund,RB Leipzig,1,1,True
2025/26,2025-10-04,6,Ein Frankfurt,Bayern Munich,0,3,True
2025/26,2025-10-04,6,Leverkusen,Union Berlin,2,0,True
2025/26,2025-10-04,6,Werder Bremen,St Pauli,1,0,True
2025/26,2025-10-05,6,Hamburg,Mainz,4,0,True
2025/26,2025-10-05,6,M'gladbach,Freiburg,0,0,True
2025/26,2025-10-05,6,Stuttgart,Heidenheim,1,0,True
2025/26,2025-10-17,7,Union Berlin,M'gladbach,3,1,True
2025/26,2025-10-18,7,Bayern Munich,Dortmund,2,1,True
2025/26,2025-10-18,7,FC Koln,Augsburg,1,1,True
2025/26,2025-10-18,7,Heidenheim,Werder Bremen,2,2,True
2025/26,2025-10-18,7,Mainz,Leverkusen,3,4,True
2025/26,2025-10-18,7,RB Leipzig,Hamburg,2,1,True
2025/26,2025-10-18,7,Wolfsburg,Stuttgart,0,3,True
2025/26,2025-10-19,7,Freiburg,Ein Frankfurt,2,2,True
2025/26,2025-10-19,7,St Pauli,Hoffenheim,0,3,True
2025/26,2025-10-24,8,Werder Bremen,Union Berlin,1,0,True
2025/26,2025-10-25,8,Augsburg,RB Leipzig,0,6,True
2025/26,2025-10-25,8,Dortmund,FC Koln,1,0,True
2025/26,2025-10-25,8,Ein Frankfurt,St Pauli,2,0,True
2025/26,2025-10-25,8,Hamburg,Wolfsburg,0,1,True
2025/26,2025-10-25,8,Hoffenheim,Heidenheim,3,1,True
2025/26,2025-10-25,8,M'gladbach,Bayern Munich,0,3,True
2025/26,2025-10-26,8,Leverkusen,Freiburg,2,0,True
2025/26,2025-10-26,8,Stuttgart,Mainz,2,1,True
2025/26,2025-10-31,9,Augsburg,Dortmund,0,1,True
2025/26,2025-11-01,9,Bayern Munich,Leverkusen,3,0,True
2025/26,2025-11-01,9,Heidenheim,Ein Frankfurt,1,1,True
2025/26,2025-11-01,9,Mainz,Werder Bremen,1,1,True
2025/26,2025-11-01,9,RB Leipzig,Stuttgart,3,1,True
2025/26,2025-11-01,9,St Pauli,M'gladbach,0,4,True
2025/26,2025-11-01,9,Union Berlin,Freiburg,0,0,True
2025/26,2025-11-02,9,FC Koln,Hamburg,4,1,True
2025/26,2025-11-02,9,Wolfsburg,Hoffenheim,2,3,True
2025/26,2025-11-07,10,Werder Bremen,Wolfsburg,2,1,True
2025/26,2025-11-08,10,Hamburg,Dortmund,1,1,True
2025/26,2025-11-08,10,Hoffenheim,RB Leipzig,3,1,True
2025/26,2025-11-08,10,Leverkusen,Heidenheim,6,0,True
2025/26,2025-11-08,10,M'gladbach,FC Koln,3,1,True
2025/26,2025-11-08,10,Union Berlin,Bayern Munich,2,2,True
2025/26,2025-11-09,10,Ein Frankfurt,Mainz,1,0,True
2025/26,2025-11-09,10,Freiburg,St Pauli,2,1,True
2025/26,2025-11-09,10,Stuttgart,Augsburg,3,2,True
2025/26,2025-11-21,11,Mainz,Hoffenheim,1,1,True
2025/26,2025-11-22,11,Augsburg,Hamburg,1,0,True
2025/26,2025-11-22,11,Bayern Munich,Freiburg,6,2,True
2025/26,2025-11-22,11,Dortmund,Stuttgart,3,3,True
2025/26,2025-11-22,11,FC Koln,Ein Frankfurt,3,4,True
2025/26,2025-11-22,11,Heidenheim,M'gladbach,0,3,True
2025/26,2025-11-22,11,Wolfsburg,Leverkusen,1,3,True
2025/26,2025-11-23,11,RB Leipzig,Werder Bremen,2,0,True
2025/26,2025-11-23,11,St Pauli,Union Berlin,0,1,True
2025/26,2025-11-28,12,M'gladbach,RB Leipzig,0,0,True
2025/26,2025-11-29,12,Bayern Munich,St Pauli,3,1,True
2025/26,2025-11-29,12,Hoffenheim,Augsburg,3,0,True
2025/26,2025-11-29,12,Leverkusen,Dortmund,1,2,True
2025/26,2025-11-29,12,Union Berlin,Heidenheim,1,2,True
2025/26,2025-11-29,12,Werder Bremen,FC Koln,1,1,True
2025/26,2025-11-30,12,Ein Frankfurt,Wolfsburg,1,1,True
2025/26,2025-11-30,12,Freiburg,Mainz,4,0,True
2025/26,2025-11-30,12,Hamburg,Stuttgart,2,1,True
2025/26,2025-12-05,13,Mainz,M'gladbach,0,1,True
2025/26,2025-12-06,13,Augsburg,Leverkusen,2,0,True
2025/26,2025-12-06,13,FC Koln,St Pauli,1,1,True
2025/26,2025-12-06,13,Heidenheim,Freiburg,2,1,True
2025/26,2025-12-06,13,RB Leipzig,Ein Frankfurt,6,0,True
2025/26,2025-12-06,13,Stuttgart,Bayern Munich,0,5,True
2025/26,2025-12-06,13,Wolfsburg,Union Berlin,3,1,True
2025/26,2025-12-07,13,Dortmund,Hoffenheim,2,0,True
2025/26,2025-12-07,13,Hamburg,Werder Bremen,3,2,True
2025/26,2025-12-12,14,Union Berlin,RB Leipzig,3,1,True
2025/26,2025-12-13,14,Ein Frankfurt,Augsburg,1,0,True
2025/26,2025-12-13,14,Hoffenheim,Hamburg,4,1,True
2025/26,2025-12-13,14,Leverkusen,FC Koln,2,0,True
2025/26,2025-12-13,14,M'gladbach,Wolfsburg,1,3,True
2025/26,2025-12-13,14,St Pauli,Heidenheim,2,1,True
2025/26,2025-12-14,14,Bayern Munich,Mainz,2,2,True
2025/26,2025-12-14,14,Freiburg,Dortmund,1,1,True
2025/26,2025-12-14,14,Werder Bremen,Stuttgart,0,4,True
2025/26,2025-12-19,15,Dortmund,M'gladbach,2,0,True
2025/26,2025-12-20,15,Augsburg,Werder Bremen,0,0,True
2025/26,2025-12-20,15,FC Koln,Union Berlin,0,1,True
2025/26,2025-12-20,15,Hamburg,Ein Frankfurt,1,1,True
2025/26,2025-12-20,15,RB Leipzig,Leverkusen,1,3,True
2025/26,2025-12-20,15,Stuttgart,Hoffenheim,0,0,True
2025/26,2025-12-20,15,Wolfsburg,Freiburg,3,4,True
2025/26,2025-12-21,15,Heidenheim,Bayern Munich,0,4,True
2025/26,2025-12-21,15,Mainz,St Pauli,0,0,True
2025/26,2026-01-09,16,Ein Frankfurt,Dortmund,3,3,True
2025/26,2026-01-10,16,Freiburg,Hamburg,2,1,True
2025/26,2026-01-10,16,Heidenheim,FC Koln,2,2,True
2025/26,2026-01-10,16,Leverkusen,Stuttgart,1,4,True
2025/26,2026-01-10,16,Union Berlin,Mainz,2,2,True
2025/26,2026-01-11,16,Bayern Munich,Wolfsburg,8,1,True
2025/26,2026-01-11,16,M'gladbach,Augsburg,4,0,True
2025/26,2026-01-13,17,Dortmund,Werder Bremen,3,0,True
2025/26,2026-01-13,17,Mainz,Heidenheim,2,1,True
2025/26,2026-01-13,17,Stuttgart,Ein Frankfurt,3,2,True
2025/26,2026-01-14,17,FC Koln,Bayern Munich,1,3,True
2025/26,2026-01-14,17,Hoffenheim,M'gladbach,5,1,True
2025/26,2026-01-14,17,RB Leipzig,Freiburg,2,0,True
2025/26,2026-01-14,17,Wolfsburg,St Pauli,2,1,True
2025/26,2026-01-15,17,Augsburg,Union Berlin,1,1,True
2025/26,2026-01-16,18,Werder Bremen,Ein Frankfurt,3,3,True
2025/26,2026-01-17,18,Dortmund,St Pauli,3,2,True
2025/26,2026-01-17,18,FC Koln,Mainz,2,1,True
2025/26,2026-01-17,18,Hamburg,M'gladbach,0,0,True
2025/26,2026-01-17,18,Hoffenheim,Leverkusen,1,0,True
2025/26,2026-01-17,18,RB Leipzig,Bayern Munich,1,5,True
2025/26,2026-01-17,18,Wolfsburg,Heidenheim,1,1,True
2025/26,2026-01-18,18,Augsburg,Freiburg,2,2,True
2025/26,2026-01-18,18,Stuttgart,Union Berlin,1,1,True
2025/26,2026-01-23,19,St Pauli,Hamburg,0,0,True
2025/26,2026-01-24,19,Bayern Munich,Augsburg,1,2,True
2025/26,2026-01-24,19,Ein Frankfurt,Hoffenheim,1,3,True
2025/26,2026-01-24,19,Heidenheim,RB Leipzig,0,3,True
2025/26,2026-01-24,19,Leverkusen,Werder Bremen,1,0,True
2025/26,2026-01-24,19,Mainz,Wolfsburg,3,1,True
2025/26,2026-01-24,19,Union Berlin,Dortmund,0,3,True
2025/26,2026-01-25,19,Freiburg,FC Koln,2,1,True
2025/26,2026-01-25,19,M'gladbach,Stuttgart,0,3,True
2025/26,2026-01-27,16,St Pauli,RB Leipzig,1,1,True
2025/26,2026-01-27,16,Werder Bremen,Hoffenheim,0,2,True
2025/26,2026-01-30,20,FC Koln,Wolfsburg,1,0,True
2025/26,2026-01-31,20,Augsburg,St Pauli,2,1,True
2025/26,2026-01-31,20,Ein Frankfurt,Leverkusen,1,3,True
2025/26,2026-01-31,20,Hamburg,Bayern Munich,2,2,True
2025/26,2026-01-31,20,Hoffenheim,Union Berlin,3,1,True
2025/26,2026-01-31,20,RB Leipzig,Mainz,1,2,True
2025/26,2026-01-31,20,Werder Bremen,M'gladbach,1,1,True
2025/26,2026-02-01,20,Dortmund,Heidenheim,3,2,True
2025/26,2026-02-01,20,Stuttgart,Freiburg,1,0,True
2025/26,2026-02-06,21,Union Berlin,Ein Frankfurt,1,1,True
2025/26,2026-02-07,21,Freiburg,Werder Bremen,1,0,True
2025/26,2026-02-07,21,Heidenheim,Hamburg,0,2,True
2025/26,2026-02-07,21,M'gladbach,Leverkusen,1,1,True
2025/26,2026-02-07,21,Mainz,Augsburg,2,0,True
2025/26,2026-02-07,21,St Pauli,Stuttgart,2,1,True
2025/26,2026-02-07,21,Wolfsburg,Dortmund,1,2,True
2025/26,2026-02-08,21,Bayern Munich,Hoffenheim,5,1,True
2025/26,2026-02-08,21,FC Koln,RB Leipzig,1,2,True
2025/26,2026-02-13,22,Dortmund,Mainz,4,0,True
2025/26,2026-02-14,22,Ein Frankfurt,M'gladbach,3,0,True
2025/26,2026-02-14,22,Hamburg,Union Berlin,3,2,True
2025/26,2026-02-14,22,Hoffenheim,Freiburg,3,0,True
2025/26,2026-02-14,22,Leverkusen,St Pauli,4,0,True
2025/26,2026-02-14,22,Stuttgart,FC Koln,3,1,True
2025/26,2026-02-14,22,Werder Bremen,Bayern Munich,0,3,True
2025/26,2026-02-15,22,Augsburg,Heidenheim,1,0,True
2025/26,2026-02-15,22,RB Leipzig,Wolfsburg,2,2,True
2025/26,2026-02-20,23,Mainz,Hamburg,1,1,True
2025/26,2026-02-21,23,Bayern Munich,Ein Frankfurt,3,2,True
2025/26,2026-02-21,23,FC Koln,Hoffenheim,2,2,True
2025/26,2026-02-21,23,RB Leipzig,Dortmund,2,2,True
2025/26,2026-02-21,23,Union Berlin,Leverkusen,1,0,True
2025/26,2026-02-21,23,Wolfsburg,Augsburg,2,3,True
2025/26,2026-02-22,23,Freiburg,M'gladbach,2,1,True
2025/26,2026-02-22,23,Heidenheim,Stuttgart,3,3,True
2025/26,2026-02-22,23,St Pauli,Werder Bremen,2,1,True
2025/26,2026-02-27,24,Augsburg,FC Koln,2,0,True
2025/26,2026-02-28,24,Dortmund,Bayern Munich,2,3,True
2025/26,2026-02-28,24,Hoffenheim,St Pauli,0,1,True
2025/26,2026-02-28,24,Leverkusen,Mainz,1,1,True
2025/26,2026-02-28,24,M'gladbach,Union Berlin,1,0,True
2025/26,2026-02-28,24,Werder Bremen,Heidenheim,2,0,True
2025/26,2026-03-01,24,Ein Frankfurt,Freiburg,2,0,True
2025/26,2026-03-01,24,Hamburg,RB Leipzig,1,2,True
2025/26,2026-03-01,24,Stuttgart,Wolfsburg,4,0,True
2025/26,2026-03-04,17,Hamburg,Leverkusen,0,1,True
2025/26,2026-03-06,25,Bayern Munich,M'gladbach,4,1,True
2025/26,2026-03-07,25,FC Koln,Dortmund,1,2,True
2025/26,2026-03-07,25,Freiburg,Leverkusen,3,3,True
2025/26,2026-03-07,25,Heidenheim,Hoffenheim,2,4,True
2025/26,2026-03-07,25,Mainz,Stuttgart,2,2,True
2025/26,2026-03-07,25,RB Leipzig,Augsburg,2,1,True
2025/26,2026-03-07,25,Wolfsburg,Hamburg,1,2,True
2025/26,2026-03-08,25,St Pauli,Ein Frankfurt,0,0,True
2025/26,2026-03-08,25,Union Berlin,Werder Bremen,1,4,True
2025/26,2026-03-13,26,M'gladbach,St Pauli,2,0,True
2025/26,2026-03-14,26,Dortmund,Augsburg,2,0,True
2025/26,2026-03-14,26,Ein Frankfurt,Heidenheim,1,0,True
2025/26,2026-03-14,26,Hamburg,FC Koln,1,1,True
2025/26,2026-03-14,26,Hoffenheim,Wolfsburg,1,1,True
2025/26,2026-03-14,26,Leverkusen,Bayern Munich,1,1,True
2025/26,2026-03-15,26,Freiburg,Union Berlin,0,1,True
2025/26,2026-03-15,26,Stuttgart,RB Leipzig,1,0,True
2025/26,2026-03-15,26,Werder Bremen,Mainz,0,2,True
2025/26,2026-03-20,27,RB Leipzig,Hoffenheim,5,0,True
2025/26,2026-03-21,27,Bayern Munich,Union Berlin,4,0,True
2025/26,2026-03-21,27,Dortmund,Hamburg,3,2,True
2025/26,2026-03-21,27,FC Koln,M'gladbach,3,3,True
2025/26,2026-03-21,27,Heidenheim,Leverkusen,3,3,True
2025/26,2026-03-21,27,Wolfsburg,Werder Bremen,0,1,True
2025/26,2026-03-22,27,Augsburg,Stuttgart,2,5,True
2025/26,2026-03-22,27,Mainz,Ein Frankfurt,2,1,True
2025/26,2026-03-22,27,St Pauli,Freiburg,1,2,True
2025/26,2026-04-04,28,Freiburg,Bayern Munich,2,3,True
2025/26,2026-04-04,28,Hamburg,Augsburg,1,1,True
2025/26,2026-04-04,28,Hoffenheim,Mainz,1,2,True
2025/26,2026-04-04,28,Leverkusen,Wolfsburg,6,3,True
2025/26,2026-04-04,28,M'gladbach,Heidenheim,2,2,True
2025/26,2026-04-04,28,Stuttgart,Dortmund,0,2,True
2025/26,2026-04-04,28,Werder Bremen,RB Leipzig,1,2,True
2025/26,2026-04-05,28,Ein Frankfurt,FC Koln,2,2,True
2025/26,2026-04-05,28,Union Berlin,St Pauli,1,1,True
2025/26,2026-04-10,29,Augsburg,Hoffenheim,2,2,True
2025/26,2026-04-11,29,Dortmund,Leverkusen,0,1,True
2025/26,2026-04-11,29,Heidenheim,Union Berlin,3,1,True
2025/26,2026-04-11,29,RB Leipzig,M'gladbach,1,0,True
2025/26,2026-04-11,29,St Pauli,Bayern Munich,0,5,True
2025/26,2026-04-11,29,Wolfsburg,Ein Frankfurt,1,2,True
2025/26,2026-04-12,29,FC Koln,Werder Bremen,3,1,True
2025/26,2026-04-12,29,Mainz,Freiburg,0,1,True
2025/26,2026-04-12,29,Stuttgart,Hamburg,4,0,True
2025/26,2026-04-17,30,St Pauli,FC Koln,1,1,True
2025/26,2026-04-18,30,Ein Frankfurt,RB Leipzig,1,3,True
2025/26,2026-04-18,30,Hoffenheim,Dortmund,2,1,True
2025/26,2026-04-18,30,Leverkusen,Augsburg,1,2,True
2025/26,2026-04-18,30,Union Berlin,Wolfsburg,1,2,True
2025/26,2026-04-18,30,Werder Bremen,Hamburg,3,1,True
2025/26,2026-04-19,30,Bayern Munich,Stuttgart,4,2,True
2025/26,2026-04-19,30,Freiburg,Heidenheim,2,1,True
2025/26,2026-04-19,30,M'gladbach,Mainz,1,1,True
2025/26,2026-04-24,31,RB Leipzig,Union Berlin,3,1,True
2025/26,2026-04-25,31,Augsburg,Ein Frankfurt,1,1,True
2025/26,2026-04-25,31,FC Koln,Leverkusen,1,2,True
2025/26,2026-04-25,31,Hamburg,Hoffenheim,1,2,True
2025/26,2026-04-25,31,Heidenheim,St Pauli,2,0,True
2025/26,2026-04-25,31,Mainz,Bayern Munich,3,4,True
2025/26,2026-04-25,31,Wolfsburg,M'gladbach,0,0,True
2025/26,2026-04-26,31,Dortmund,Freiburg,4,0,True
2025/26,2026-04-26,31,Stuttgart,Werder Bremen,1,1,True
2025/26,2026-05-02,32,Bayern Munich,Heidenheim,3,3,True
2025/26,2026-05-02,32,Ein Frankfurt,Hamburg,1,2,True
2025/26,2026-05-02,32,Hoffenheim,Stuttgart,3,3,True
2025/26,2026-05-02,32,Leverkusen,RB Leipzig,4,1,True
2025/26,2026-05-02,32,Union Berlin,FC Koln,2,2,True
2025/26,2026-05-02,32,Werder Bremen,Augsburg,1,3,True
2025/26,2026-05-03,32,Freiburg,Wolfsburg,1,1,True
2025/26,2026-05-03,32,M'gladbach,Dortmund,1,0,True
2025/26,2026-05-03,32,St Pauli,Mainz,1,2,True
2025/26,2026-05-08,33,Dortmund,Ein Frankfurt,3,2,True
2025/26,2026-05-09,33,Augsburg,M'gladbach,3,1,True
2025/26,2026-05-09,33,Hoffenheim,Werder Bremen,1,0,True
2025/26,2026-05-09,33,RB Leipzig,St Pauli,2,1,True
2025/26,2026-05-09,33,Stuttgart,Leverkusen,3,1,True
2025/26,2026-05-09,33,Wolfsburg,Bayern Munich,0,1,True
2025/26,2026-05-10,33,FC Koln,Heidenheim,1,3,True
2025/26,2026-05-10,33,Hamburg,Freiburg,3,2,True
2025/26,2026-05-10,33,Mainz,Union Berlin,1,3,True
2025/26,2026-05-16,34,Bayern Munich,FC Koln,5,1,True
2025/26,2026-05-16,34,Ein Frankfurt,Stuttgart,2,2,True
2025/26,2026-05-16,34,Freiburg,RB Leipzig,4,1,True
2025/26,2026-05-16,34,Heidenheim,Mainz,0,2,True
2025/26,2026-05-16,34,Leverkusen,Hamburg,1,1,True
2025/26,2026-05-16,34,M'gladbach,Hoffenheim,4,0,True
2025/26,2026-05-16,34,St Pauli,Wolfsburg,1,3,True
2025/26,2026-05-16,34,Union Berlin,Augsburg,4,0,True
2025/26,2026-05-16,34,Werder Bremen,Dortmund,0,2,True
